MAV,RMS,V,WL,SSC,IEMG,LOGVAR,PF,TP,SE,FR,BW,PSD,P2P,MOV
0.006578,0.010870,0.000118,41.170200,4946.000000,65.774900,-9.043400,21.000000,0.000236,7.681700,0.215370,-104.600000,0.000236,0.001842,reposo
0.004515,0.006229,0.000039,30.910700,4997.000000,45.144700,-10.156900,120.000000,0.000078,7.760900,0.241010,-176.000000,0.000078,0.001064,reposo
0.006357,0.011773,0.000139,37.974200,4949.000000,63.569400,-8.883800,20.400000,0.000277,7.645400,0.296320,-183.200000,0.000277,0.001479,reposo
0.003688,0.004859,0.000024,25.854500,4937.000000,36.875700,-10.653700,120.000000,0.000047,7.720300,0.225790,0.000000,0.000047,0.001351,reposo
0.003706,0.004866,0.000024,26.061200,4967.000000,37.059000,-10.650900,120.000000,0.000047,7.727100,0.232970,-18.800000,0.000047,0.000917,reposo
0.003697,0.004879,0.000024,25.398300,4909.000000,36.970000,-10.645700,120.000000,0.000048,7.735700,0.238480,-39.800000,0.000048,0.001106,reposo
0.003841,0.005061,0.000026,26.505400,4892.000000,38.415100,-10.572300,120.000000,0.000051,7.704000,0.242170,-49.600000,0.000051,0.001072,reposo
0.004489,0.005934,0.000035,31.718000,4952.000000,44.887000,-10.253900,120.000000,0.000070,7.734500,0.223980,-0.200000,0.000070,0.001336,reposo
0.006037,0.008261,0.000068,37.175400,4960.000000,60.367300,-9.592200,120.000000,0.000137,7.711000,0.269570,-99.800000,0.000137,0.001668,reposo
0.004055,0.005382,0.000029,27.896000,4959.000000,40.549600,-10.449100,120.000000,0.000058,7.718200,0.236220,-120.000000,0.000058,0.001169,reposo
0.004233,0.005521,0.000030,29.198800,4948.000000,42.329200,-10.398400,120.000000,0.000061,7.707600,0.242510,0.000000,0.000061,0.001085,reposo
0.004181,0.005492,0.000030,29.188900,4935.000000,41.811400,-10.408900,120.000000,0.000060,7.716200,0.237890,-130.400000,0.000060,0.000739,reposo
0.004302,0.005632,0.000032,29.013000,4986.000000,43.021700,-10.358500,120.000000,0.000063,7.694900,0.238900,-90.800000,0.000063,0.001379,reposo
0.004282,0.005618,0.000032,29.207000,5000.000000,42.817100,-10.363600,120.000000,0.000063,7.703300,0.246220,0.000000,0.000063,0.001523,reposo
0.004341,0.005638,0.000032,29.482800,4947.000000,43.415100,-10.356500,120.000000,0.000064,7.708500,0.238610,0.000000,0.000064,0.001312,reposo
0.004184,0.005518,0.000030,27.502600,4971.000000,41.843300,-10.399300,120.000000,0.000061,7.688800,0.255500,-143.000000,0.000061,0.001053,reposo
0.004054,0.005381,0.000029,27.074500,4931.000000,40.537200,-10.449600,120.000000,0.000058,7.718300,0.251030,0.000000,0.000058,0.001140,reposo
0.003938,0.005237,0.000027,26.334300,4922.000000,39.382800,-10.503900,120.000000,0.000055,7.719700,0.245860,-56.600000,0.000055,0.001081,reposo
0.003982,0.005313,0.000028,25.917300,4881.000000,39.824500,-10.475000,120.000000,0.000056,7.703800,0.254500,-62.400000,0.000056,0.001172,reposo
0.003819,0.005084,0.000026,25.080800,4926.000000,38.194700,-10.563300,120.000000,0.000052,7.693500,0.248560,-42.800000,0.000052,0.000950,reposo
0.003879,0.005166,0.000027,25.028000,4909.000000,38.789200,-10.531200,120.000000,0.000053,7.678300,0.265120,-49.600000,0.000053,0.000925,reposo
0.004190,0.005585,0.000031,26.817100,4918.000000,41.897100,-10.375100,120.000000,0.000062,7.691500,0.263110,-67.000000,0.000062,0.001107,reposo
0.003971,0.005281,0.000028,26.556500,4917.000000,39.709100,-10.487200,120.000000,0.000056,7.686900,0.247950,-182.400000,0.000056,0.000797,reposo
0.003993,0.005266,0.000028,26.537500,4933.000000,39.924600,-10.492900,120.000000,0.000055,7.709900,0.252110,-6.200000,0.000055,0.001212,reposo
0.003762,0.004975,0.000025,24.760900,5027.000000,37.624300,-10.606400,120.000000,0.000050,7.682700,0.256080,-41.600000,0.000050,0.000893,reposo
0.003722,0.004944,0.000024,24.877900,4903.000000,37.220200,-10.619000,120.000000,0.000049,7.696300,0.245700,-116.200000,0.000049,0.000857,reposo
0.003713,0.004891,0.000024,24.701500,4942.000000,37.128400,-10.640700,120.000000,0.000048,7.686900,0.242410,0.000000,0.000048,0.001356,reposo
0.003874,0.005226,0.000027,25.581200,4945.000000,38.743700,-10.508200,120.000000,0.000055,7.686800,0.248190,-22.400000,0.000055,0.001105,reposo
0.003959,0.005271,0.000028,25.876200,4898.000000,39.593000,-10.491200,120.000000,0.000056,7.705800,0.254200,-16.400000,0.000056,0.001204,reposo
0.003935,0.005283,0.000028,26.014300,4874.000000,39.352900,-10.486500,120.000000,0.000056,7.674000,0.246270,-71.400000,0.000056,0.001098,reposo
0.003868,0.005156,0.000027,25.825000,5003.000000,38.682600,-10.535100,120.000000,0.000053,7.701400,0.251070,-169.800000,0.000053,0.000747,reposo
0.004044,0.005441,0.000030,26.341200,4944.000000,40.443700,-10.427600,120.000000,0.000059,7.709400,0.247270,0.000000,0.000059,0.001197,reposo
0.003541,0.004731,0.000022,22.935900,4896.000000,35.410000,-10.706900,120.000000,0.000045,7.705900,0.256140,-10.400000,0.000045,0.000999,reposo
0.003686,0.004909,0.000024,24.025700,4962.000000,36.862000,-10.633100,120.000000,0.000048,7.680100,0.257210,-24.800000,0.000048,0.001108,reposo
0.003616,0.004797,0.000023,23.367700,4924.000000,36.160800,-10.679400,120.000000,0.000046,7.679100,0.258260,0.000000,0.000046,0.001082,reposo
0.003526,0.004761,0.000023,22.807700,4940.000000,35.259300,-10.694500,120.000000,0.000045,7.692800,0.260670,-116.000000,0.000045,0.000843,reposo
0.003674,0.004978,0.000025,24.069300,4952.000000,36.744500,-10.605500,120.000000,0.000050,7.669100,0.254220,-26.600000,0.000050,0.001064,reposo
0.003585,0.004916,0.000024,24.136300,4929.000000,35.845800,-10.630300,120.000000,0.000048,7.756700,0.251540,-2.000000,0.000048,0.001044,reposo
0.004628,0.006280,0.000039,30.902200,4959.000000,46.276900,-10.140700,120.000000,0.000079,7.725100,0.234060,-129.800000,0.000079,0.000964,reposo
0.004217,0.005844,0.000034,27.349800,4853.000000,42.170100,-10.284700,120.000000,0.000068,7.721200,0.259420,-126.000000,0.000068,0.000857,reposo
0.004287,0.005943,0.000035,27.012700,4923.000000,42.865000,-10.250900,120.000000,0.000071,7.694200,0.259790,0.000000,0.000071,0.001563,reposo
0.003986,0.005608,0.000031,24.765800,4843.000000,39.860300,-10.367100,120.000000,0.000063,7.660000,0.258950,0.000000,0.000063,0.001198,reposo
0.004116,0.005770,0.000033,25.557400,4875.000000,41.161200,-10.310000,120.000000,0.000067,7.652300,0.269100,-87.200000,0.000067,0.001352,reposo
0.004156,0.005824,0.000034,25.606200,4930.000000,41.564200,-10.291300,120.000000,0.000068,7.654700,0.264090,-118.800000,0.000068,0.001173,reposo
0.004079,0.005733,0.000033,24.859200,4870.000000,40.792000,-10.323000,120.000000,0.000066,7.646400,0.260720,-11.400000,0.000066,0.001135,reposo
0.003922,0.005549,0.000031,23.516100,4928.000000,39.221000,-10.388100,120.000000,0.000062,7.645100,0.270460,-193.200000,0.000062,0.000778,reposo
0.004039,0.005674,0.000032,24.705700,4939.000000,40.395300,-10.343600,120.000000,0.000064,7.661700,0.264870,-0.200000,0.000064,0.001394,reposo
0.003918,0.005529,0.000031,24.128700,4911.000000,39.184400,-10.395200,120.000000,0.000061,7.679300,0.265200,-74.600000,0.000061,0.001072,reposo
0.003926,0.005562,0.000031,23.578900,4888.000000,39.256900,-10.383500,120.000000,0.000062,7.651400,0.270900,-0.200000,0.000062,0.001311,reposo
0.003899,0.005572,0.000031,23.946600,4918.000000,38.987700,-10.380000,120.000000,0.000062,7.639200,0.251960,-120.000000,0.000062,0.001158,reposo
0.004175,0.005962,0.000036,24.961900,4891.000000,41.752500,-10.244500,120.000000,0.000071,7.643500,0.272170,0.000000,0.000071,0.001510,reposo
0.004288,0.006080,0.000037,25.856500,4872.000000,42.881600,-10.205500,120.000000,0.000074,7.653900,0.261850,0.000000,0.000074,0.001789,reposo
0.004079,0.005734,0.000033,24.990800,4901.000000,40.791100,-10.322700,120.000000,0.000066,7.677800,0.257410,0.000000,0.000066,0.001504,reposo
0.003956,0.005632,0.000032,24.422400,4946.000000,39.562000,-10.358700,120.000000,0.000063,7.650800,0.268790,-95.000000,0.000063,0.000985,reposo
0.003987,0.005676,0.000032,24.474500,4908.000000,39.874200,-10.342800,120.000000,0.000064,7.646200,0.271640,-67.000000,0.000064,0.001059,reposo
0.003889,0.005522,0.000030,23.888600,4925.000000,38.886600,-10.398000,120.000000,0.000061,7.675600,0.268570,0.000000,0.000061,0.001252,reposo
0.004053,0.005714,0.000033,24.664400,4919.000000,40.534800,-10.329600,120.000000,0.000065,7.675500,0.263160,0.000000,0.000065,0.001291,reposo
0.004172,0.005872,0.000034,25.677200,4841.000000,41.718100,-10.274900,120.000000,0.000069,7.677000,0.262060,0.000000,0.000069,0.001478,reposo
0.004046,0.005645,0.000032,24.697500,4871.000000,40.456300,-10.353800,120.000000,0.000064,7.719500,0.254320,0.000000,0.000064,0.001373,reposo
0.004153,0.005823,0.000034,25.603500,4878.000000,41.527200,-10.291700,133.000000,0.000068,7.669300,0.258920,-129.400000,0.000068,0.000887,reposo
0.004120,0.005838,0.000034,25.515300,4851.000000,41.196600,-10.286500,120.000000,0.000068,7.656000,0.260290,-183.600000,0.000068,0.000799,reposo
0.004514,0.006353,0.000040,28.093200,4786.000000,45.135600,-10.117600,120.000000,0.000081,7.675000,0.262870,-161.600000,0.000081,0.000874,reposo
0.004480,0.006244,0.000039,27.905100,4833.000000,44.798600,-10.152100,120.000000,0.000078,7.683700,0.265090,-251.000000,0.000078,0.000811,reposo
0.004385,0.006105,0.000037,27.954000,4834.000000,43.845400,-10.197200,120.000000,0.000075,7.664600,0.254300,-205.200000,0.000075,0.000824,reposo
0.004576,0.006338,0.000040,28.954900,4777.000000,45.764900,-10.122100,120.000000,0.000080,7.670700,0.253380,-65.000000,0.000080,0.001164,reposo
0.004393,0.006111,0.000037,27.871700,4743.000000,43.930700,-10.195200,120.000000,0.000075,7.663000,0.252490,0.000000,0.000075,0.001299,reposo
0.004237,0.005979,0.000036,26.540200,4852.000000,42.370800,-10.238800,120.000000,0.000072,7.665300,0.263020,-79.000000,0.000072,0.001074,reposo
0.003849,0.005383,0.000029,23.448700,4846.000000,38.487000,-10.449100,120.000000,0.000058,7.653900,0.270280,-115.000000,0.000058,0.000904,reposo
0.003733,0.005250,0.000028,22.747600,4895.000000,37.326500,-10.498700,120.000000,0.000055,7.648600,0.271800,-55.600000,0.000055,0.001147,reposo
0.003340,0.004510,0.000020,20.253100,4957.000000,33.397900,-10.802900,120.000000,0.000041,7.663900,0.278110,-10.800000,0.000041,0.000979,reposo
0.003347,0.004561,0.000021,20.807500,4904.000000,33.468800,-10.780400,120.000000,0.000042,7.685200,0.273070,-78.800000,0.000042,0.000829,reposo
0.003667,0.004910,0.000024,23.070200,4872.000000,36.667000,-10.633000,120.000000,0.000048,7.695400,0.267630,-12.600000,0.000048,0.000994,reposo
0.003546,0.004732,0.000022,22.112600,4891.000000,35.454800,-10.706600,120.000000,0.000045,7.685500,0.269000,-104.200000,0.000045,0.000880,reposo
0.003693,0.004899,0.000024,23.260900,4822.000000,36.931400,-10.637400,120.000000,0.000048,7.701000,0.258980,0.000000,0.000048,0.000973,reposo
0.003352,0.004503,0.000020,21.365200,4904.000000,33.518800,-10.806100,120.000000,0.000041,7.701700,0.267620,0.000000,0.000041,0.000910,reposo
0.003213,0.004375,0.000019,20.682900,4938.000000,32.134100,-10.863500,120.000000,0.000038,7.709400,0.251860,-51.200000,0.000038,0.000856,reposo
0.003133,0.004223,0.000018,19.890700,4942.000000,31.331600,-10.934200,120.000000,0.000036,7.687900,0.265180,-197.800000,0.000036,0.000688,reposo
0.003087,0.004150,0.000017,19.586400,4980.000000,30.872100,-10.969000,120.000000,0.000034,7.667300,0.274710,-51.800000,0.000034,0.000738,reposo
0.003092,0.004208,0.000018,19.956000,4933.000000,30.916600,-10.941400,120.000000,0.000035,7.677700,0.254060,-69.400000,0.000035,0.000900,reposo
0.003312,0.004492,0.000020,21.135400,4901.000000,33.118100,-10.810700,120.000000,0.000040,7.673600,0.258270,-114.600000,0.000040,0.000818,reposo
0.003393,0.004736,0.000022,21.374300,4876.000000,33.927900,-10.705200,120.000000,0.000045,7.691000,0.264250,-197.000000,0.000045,0.000694,reposo
0.003531,0.005039,0.000025,21.836000,4932.000000,35.308100,-10.581100,120.000000,0.000051,7.677100,0.260370,-127.800000,0.000051,0.000862,reposo
0.002422,0.003340,0.000011,15.082800,5001.000000,24.219700,-11.403700,120.000000,0.000022,7.679800,0.273610,0.000000,0.000022,0.001022,reposo
0.002276,0.003091,0.000010,14.561300,5009.000000,22.765000,-11.558400,120.000000,0.000019,7.684800,0.271030,0.000000,0.000019,0.000896,reposo
0.002295,0.003131,0.000010,14.769700,4984.000000,22.952200,-11.533000,120.000000,0.000020,7.685100,0.264500,0.000000,0.000020,0.000985,reposo
0.002240,0.003051,0.000009,14.392100,5027.000000,22.394700,-11.584300,120.000000,0.000019,7.667900,0.263900,-60.000000,0.000019,0.000790,reposo
0.002397,0.003223,0.000010,15.499000,4948.000000,23.972000,-11.474700,120.000000,0.000021,7.712700,0.265790,-299.800000,0.000021,0.000794,reposo
0.002704,0.003611,0.000013,17.141600,4919.000000,27.036500,-11.247400,120.000000,0.000026,7.706200,0.278370,0.000000,0.000026,0.001071,reposo
0.003092,0.004073,0.000017,19.397100,4854.000000,30.917900,-11.006800,120.000000,0.000033,7.693800,0.266780,-75.000000,0.000033,0.000828,reposo
0.002938,0.003927,0.000015,18.083900,4819.000000,29.382700,-11.079500,120.000000,0.000031,7.669800,0.289200,0.000000,0.000031,0.000943,reposo
0.002661,0.003557,0.000013,16.561500,4834.000000,26.613500,-11.277700,120.000000,0.000025,7.690500,0.289750,-303.200000,0.000025,0.000841,reposo
0.002453,0.003315,0.000011,15.387900,4787.000000,24.530100,-11.418700,120.000000,0.000022,7.682300,0.289580,-419.800000,0.000022,0.000715,reposo
0.002597,0.003444,0.000012,16.226500,4772.000000,25.966300,-11.342000,120.000000,0.000024,7.704500,0.285020,-300.000000,0.000024,0.000789,reposo
0.002507,0.003401,0.000012,15.665300,4793.000000,25.068800,-11.367500,120.000000,0.000023,7.683500,0.289790,-426.400000,0.000023,0.000664,reposo
0.002648,0.003585,0.000013,16.427700,4804.000000,26.480100,-11.262100,120.000000,0.000026,7.683900,0.284700,0.000000,0.000026,0.000783,reposo
0.002792,0.003725,0.000014,17.460100,4742.000000,27.919900,-11.185400,120.000000,0.000028,7.676700,0.286440,-65.200000,0.000028,0.000730,reposo
0.002583,0.003498,0.000012,16.302200,4803.000000,25.829900,-11.310900,120.000000,0.000024,7.704200,0.286860,-435.800000,0.000024,0.000641,reposo
0.002624,0.003562,0.000013,16.157600,4739.000000,26.242700,-11.274900,120.000000,0.000025,7.696000,0.279040,0.000000,0.000025,0.000788,reposo
0.002861,0.003897,0.000015,17.774700,4775.000000,28.608600,-11.095000,120.000000,0.000030,7.680600,0.284060,-17.800000,0.000030,0.000837,reposo
0.002769,0.003758,0.000014,17.509000,4781.000000,27.685300,-11.167600,120.000000,0.000028,7.682100,0.279870,0.000000,0.000028,0.001102,reposo
0.002823,0.003851,0.000015,17.355400,4727.000000,28.227200,-11.118800,120.000000,0.000030,7.667000,0.292480,-300.000000,0.000030,0.000885,reposo
0.002898,0.003914,0.000015,18.296300,4746.000000,28.981600,-11.086400,120.000000,0.000031,7.667700,0.275850,-329.600000,0.000031,0.000609,reposo
0.002902,0.003977,0.000016,18.042200,4780.000000,29.019500,-11.054200,120.000000,0.000032,7.652400,0.285510,-313.000000,0.000032,0.000672,reposo
0.003199,0.004306,0.000019,19.934800,4761.000000,31.988800,-10.895400,120.000000,0.000037,7.667800,0.279410,-60.000000,0.000037,0.000918,reposo
0.003471,0.004699,0.000022,21.342800,4775.000000,34.706200,-10.720600,120.000000,0.000044,7.671100,0.283560,-121.200000,0.000044,0.000813,reposo
0.003791,0.005059,0.000026,23.084600,4761.000000,37.906800,-10.573200,120.000000,0.000051,7.678300,0.293570,-508.800000,0.000051,0.000642,reposo
0.003660,0.004984,0.000025,22.023300,4771.000000,36.600100,-10.603000,120.000000,0.000050,7.725800,0.291290,-92.000000,0.000050,0.000898,reposo
0.003297,0.004500,0.000020,19.588400,4777.000000,32.967000,-10.807100,120.000000,0.000041,7.718400,0.298120,-96.000000,0.000041,0.000700,reposo
0.003425,0.004618,0.000021,20.413000,4754.000000,34.247600,-10.755400,120.000000,0.000043,7.659300,0.299770,-116.000000,0.000043,0.000731,reposo
0.002946,0.004014,0.000016,17.909000,4740.000000,29.462500,-11.035900,120.000000,0.000032,7.667600,0.283610,-328.400000,0.000032,0.000665,reposo
0.003039,0.004160,0.000017,18.785900,4779.000000,30.392200,-10.964600,120.000000,0.000035,7.690500,0.288340,-327.200000,0.000035,0.000685,reposo
0.002867,0.003954,0.000016,17.277100,4740.000000,28.669400,-11.065700,120.000000,0.000031,7.661200,0.293340,-323.400000,0.000031,0.000751,reposo
0.003182,0.004293,0.000018,19.491600,4756.000000,31.819000,-10.901200,120.000000,0.000037,7.677200,0.289020,-510.600000,0.000037,0.000615,reposo
0.002925,0.003976,0.000016,18.048100,4747.000000,29.252000,-11.055100,120.000000,0.000032,7.677700,0.280780,-511.800000,0.000032,0.000522,reposo
0.002419,0.003350,0.000011,14.741800,4838.000000,24.193700,-11.397400,143.800000,0.000022,7.670700,0.299510,-391.400000,0.000022,0.000424,reposo
0.001851,0.002526,0.000006,12.136100,4914.000000,18.508400,-11.962400,120.000000,0.000013,7.699600,0.273210,-299.800000,0.000013,0.000648,reposo
0.001203,0.001591,0.000003,8.743700,5147.000000,12.028000,-12.886400,120.000000,0.000005,7.718400,0.240520,-300.000000,0.000005,0.000616,reposo
0.002693,0.004392,0.000019,17.140500,4932.000000,26.933100,-10.856000,173.000000,0.000039,7.706700,0.282840,-520.400000,0.000039,0.000484,reposo
0.002336,0.003811,0.000015,15.651300,5024.000000,23.357700,-11.139500,120.000000,0.000029,7.749800,0.229780,-96.200000,0.000029,0.000635,reposo
0.001352,0.001847,0.000003,9.020600,4952.000000,13.522600,-12.588500,120.000000,0.000007,7.733400,0.243480,-0.200000,0.000007,0.000509,reposo
0.001391,0.002342,0.000005,9.178200,4955.000000,13.904600,-12.113000,120.000000,0.000011,7.706900,0.236230,-165.400000,0.000011,0.000393,reposo
0.001030,0.001321,0.000002,7.373900,5028.000000,10.303800,-13.258900,120.000000,0.000003,7.744600,0.204870,0.000000,0.000003,0.000573,reposo
0.001300,0.001754,0.000003,8.288100,5027.000000,12.998400,-12.691400,120.000000,0.000006,7.703300,0.194300,0.000000,0.000006,0.000785,reposo
0.001160,0.001493,0.000002,8.040700,5038.000000,11.597800,-13.013500,120.000000,0.000004,7.751000,0.229950,-0.200000,0.000004,0.000667,reposo
0.001123,0.001439,0.000002,7.765600,5093.000000,11.227000,-13.087600,120.000000,0.000004,7.745300,0.218360,-0.200000,0.000004,0.000712,reposo
0.001265,0.001670,0.000003,8.735700,5029.000000,12.651300,-12.790100,120.000000,0.000006,7.757500,0.224900,0.000000,0.000006,0.000849,reposo
0.001146,0.001464,0.000002,7.669100,5028.000000,11.464800,-13.053100,120.000000,0.000004,7.742800,0.227770,0.000000,0.000004,0.000902,reposo
0.000993,0.001256,0.000002,6.736600,5061.000000,9.927400,-13.359300,120.000000,0.000003,7.759600,0.224350,0.000000,0.000003,0.000858,reposo
0.001001,0.001264,0.000002,6.818300,5066.000000,10.012600,-13.346500,120.000000,0.000003,7.752300,0.209230,0.000000,0.000003,0.000805,reposo
0.000966,0.001224,0.000001,6.715800,5144.000000,9.657500,-13.411400,120.000000,0.000003,7.759800,0.208210,0.000000,0.000003,0.000770,reposo
0.000865,0.001085,0.000001,5.934600,5105.000000,8.645600,-13.651900,120.000000,0.000002,7.745600,0.197460,0.000000,0.000002,0.000824,reposo
0.000777,0.000958,0.000001,5.167000,5102.000000,7.773400,-13.900500,120.000000,0.000002,7.735400,0.201240,0.000000,0.000002,0.000822,reposo
0.000757,0.000935,0.000001,4.942300,5181.000000,7.565300,-13.949700,120.000000,0.000002,7.732000,0.223890,0.000000,0.000002,0.000771,reposo
0.000738,0.000909,0.000001,4.769500,5202.000000,7.375300,-14.005600,120.000000,0.000002,7.714900,0.231300,-0.200000,0.000002,0.000694,reposo
0.001835,0.003335,0.000011,12.003300,5018.000000,18.355400,-11.406500,120.000000,0.000022,7.730700,0.248270,0.000000,0.000022,0.000910,reposo
0.001520,0.002520,0.000006,9.546400,5045.000000,15.194900,-11.966800,120.000000,0.000013,7.686600,0.258270,0.000000,0.000013,0.000774,reposo
0.000862,0.001081,0.000001,5.867900,5051.000000,8.622800,-13.660200,120.000000,0.000002,7.719500,0.211790,0.000000,0.000002,0.000790,reposo
0.000885,0.001125,0.000001,6.125200,5156.000000,8.846400,-13.580600,120.000000,0.000003,7.746000,0.191650,0.000000,0.000003,0.000759,reposo
0.001176,0.001544,0.000002,8.813500,5098.000000,11.758300,-12.946600,120.000000,0.000005,7.753500,0.179870,0.000000,0.000005,0.000806,reposo
0.001150,0.001509,0.000002,8.539800,5043.000000,11.500800,-12.993000,120.000000,0.000005,7.757500,0.174990,0.000000,0.000005,0.000809,reposo
0.001276,0.001710,0.000003,8.451900,5042.000000,12.760400,-12.742100,120.000000,0.000006,7.722200,0.163230,0.000000,0.000006,0.000842,reposo
0.001187,0.001559,0.000002,8.634500,5052.000000,11.874700,-12.927200,120.000000,0.000005,7.771600,0.170480,0.000000,0.000005,0.000834,reposo
0.001136,0.001483,0.000002,8.347100,5029.000000,11.362500,-13.028000,120.000000,0.000004,7.750100,0.177910,0.000000,0.000004,0.000833,reposo
0.001108,0.001496,0.000002,7.981800,5034.000000,11.083700,-13.009300,120.000000,0.000004,7.792800,0.198490,0.000000,0.000004,0.000738,reposo
0.001160,0.001545,0.000002,8.374100,5033.000000,11.597000,-12.945700,120.000000,0.000005,7.743200,0.176450,0.000000,0.000005,0.000798,reposo
0.001973,0.003363,0.000011,11.430200,5067.000000,19.726700,-11.389800,120.000000,0.000023,7.662700,0.313210,-123.200000,0.000023,0.000620,reposo
0.002039,0.003742,0.000014,12.520200,4943.000000,20.390000,-11.176300,120.000000,0.000028,7.694300,0.271960,-60.000000,0.000028,0.000776,reposo
0.001017,0.001300,0.000002,6.959800,5105.000000,10.175400,-13.290300,120.000000,0.000003,7.753700,0.207570,0.000000,0.000003,0.000790,reposo
0.001005,0.001278,0.000002,6.900800,5013.000000,10.047200,-13.325100,120.000000,0.000003,7.739700,0.203490,0.000000,0.000003,0.000774,reposo
0.001288,0.001710,0.000003,9.727300,5035.000000,12.884200,-12.742600,120.000000,0.000006,7.743100,0.173980,0.000000,0.000006,0.000822,reposo
0.003923,0.009403,0.000088,26.690200,4984.000000,39.233000,-9.333500,120.000000,0.000177,7.740000,0.239260,-199.200000,0.000177,0.001061,palma
0.007146,0.017543,0.000308,44.302700,4911.000000,71.460300,-8.086100,42.800000,0.000615,7.673900,0.284970,-98.200000,0.000615,0.002426,palma
0.013488,0.031485,0.000991,78.581700,4911.000000,134.877100,-6.916400,41.400000,0.001983,7.670800,0.243050,-173.200000,0.001983,0.004104,palma
0.008589,0.023569,0.000556,52.003500,5043.000000,85.894800,-7.495600,36.000000,0.001111,7.713100,0.244760,-174.600000,0.001111,0.003315,palma
0.011139,0.027262,0.000743,63.499500,4917.000000,111.391100,-7.204400,167.800000,0.001486,7.709100,0.256990,-258.000000,0.001486,0.003009,palma
0.010160,0.023995,0.000576,55.218200,4963.000000,101.603700,-7.459700,35.400000,0.001151,7.710600,0.253120,-274.400000,0.001151,0.002712,palma
0.012090,0.027906,0.000779,59.421300,4922.000000,120.903800,-7.157800,36.000000,0.001557,7.614400,0.297890,-94.600000,0.001557,0.005230,palma
0.002264,0.003744,0.000014,13.376700,4946.000000,22.636100,-11.174900,120.000000,0.000028,7.669300,0.310240,0.000000,0.000028,0.000875,palma
0.008001,0.026014,0.000677,39.160300,4894.000000,80.006100,-7.298100,32.800000,0.001354,7.669300,0.231920,-19.000000,0.001354,0.004137,palma
0.002960,0.003874,0.000015,12.597400,4960.000000,29.604100,-11.106800,25.400000,0.000030,7.561600,0.262290,-96.400000,0.000030,0.001007,palma
0.011058,0.022220,0.000494,54.349100,4888.000000,110.584000,-7.613400,34.600000,0.000987,7.616500,0.261350,-10.000000,0.000987,0.004461,palma
0.011961,0.028387,0.000806,55.815600,4969.000000,119.609200,-7.123600,32.800000,0.001612,7.645200,0.236140,-9.800000,0.001612,0.004915,palma
0.013025,0.029459,0.000868,63.389500,4811.000000,130.245600,-7.049400,25.800000,0.001736,7.666200,0.265710,-111.800000,0.001736,0.004277,palma
0.005738,0.013292,0.000177,22.521000,4869.000000,57.381700,-8.641100,35.600000,0.000353,7.590800,0.279440,-16.000000,0.000353,0.002364,palma
0.007911,0.015747,0.000248,28.383200,4717.000000,79.111200,-8.302100,29.200000,0.000496,7.601700,0.263860,-17.600000,0.000496,0.002845,palma
0.009432,0.018333,0.000336,42.945300,4736.000000,94.318300,-7.998000,31.400000,0.000672,7.648300,0.244550,-14.400000,0.000672,0.002993,palma
0.005894,0.013324,0.000178,20.309800,4794.000000,58.939800,-8.636300,30.800000,0.000355,7.628800,0.257880,-22.000000,0.000355,0.002254,palma
0.004025,0.005133,0.000026,13.131400,4779.000000,40.253400,-10.544200,27.800000,0.000053,7.412100,0.263900,-99.400000,0.000053,0.001237,palma
0.002989,0.004505,0.000020,9.677800,4885.000000,29.892000,-10.804900,33.000000,0.000041,7.693700,0.255870,-97.600000,0.000041,0.001030,palma
0.017641,0.039760,0.001581,79.105000,4800.000000,176.407800,-6.449700,38.600000,0.003162,7.611300,0.232410,-19.200000,0.003162,0.007109,palma
0.009619,0.022968,0.000528,44.255500,4768.000000,96.195500,-7.547200,33.600000,0.001055,7.639400,0.249500,-82.600000,0.001055,0.003727,palma
0.008763,0.021903,0.000480,42.091300,4910.000000,87.628700,-7.642200,34.200000,0.000959,7.667100,0.245480,-108.600000,0.000959,0.004156,palma
0.009468,0.021865,0.000478,46.421900,4968.000000,94.681300,-7.645700,28.800000,0.000956,7.687900,0.239780,-68.400000,0.000956,0.003915,palma
0.009772,0.021765,0.000474,49.014200,4984.000000,97.715300,-7.654800,26.600000,0.000947,7.649300,0.262540,-151.200000,0.000947,0.003067,palma
0.005624,0.013486,0.000182,22.855500,5010.000000,56.236800,-8.612100,29.400000,0.000364,7.667700,0.261680,-94.200000,0.000364,0.002475,palma
0.011146,0.024360,0.000593,49.740700,4906.000000,111.457500,-7.429600,36.800000,0.001187,7.629600,0.265950,-144.400000,0.001187,0.004152,palma
0.009697,0.023103,0.000534,46.909600,4926.000000,96.971200,-7.535500,29.000000,0.001068,7.658300,0.266750,-126.000000,0.001068,0.003955,palma
0.007256,0.017490,0.000306,34.509300,4913.000000,72.559000,-8.092100,35.000000,0.000612,7.701800,0.247220,-128.000000,0.000612,0.002607,palma
0.007815,0.018231,0.000332,35.976000,4926.000000,78.148100,-8.009100,28.400000,0.000665,7.865000,0.260570,-77.800000,0.000665,0.003268,palma
0.003484,0.007874,0.000062,13.670200,4892.000000,34.844200,-9.688200,31.800000,0.000124,7.690000,0.258140,-101.200000,0.000124,0.001295,palma
0.006680,0.015271,0.000233,31.365900,4886.000000,66.804500,-8.363500,31.200000,0.000466,7.645900,0.269770,-104.800000,0.000466,0.002527,palma
0.003665,0.009138,0.000084,14.653900,4910.000000,36.653100,-9.390500,33.400000,0.000167,7.680400,0.252040,-94.000000,0.000167,0.001692,palma
0.004199,0.012972,0.000168,16.911600,4842.000000,41.991700,-8.689800,23.200000,0.000337,7.626400,0.225540,-108.800000,0.000337,0.001873,palma
0.006207,0.013271,0.000176,31.465200,4935.000000,62.071000,-8.644300,34.400000,0.000352,7.663100,0.258530,-21.600000,0.000352,0.002428,palma
0.002240,0.004186,0.000018,9.530900,4937.000000,22.398900,-10.951900,120.000000,0.000035,7.555200,0.337550,-88.800000,0.000035,0.000873,palma
0.005360,0.012939,0.000167,26.807900,4832.000000,53.598700,-8.694900,27.200000,0.000335,7.697500,0.240200,-242.600000,0.000335,0.001377,palma
0.027156,0.055679,0.003100,107.383100,4898.000000,271.563800,-5.776200,32.000000,0.006200,7.516300,0.307570,-20.200000,0.006200,0.011301,palma
0.003614,0.007453,0.000056,20.835300,5032.000000,36.138900,-9.798100,25.600000,0.000111,7.623800,0.214620,-101.200000,0.000111,0.001607,palma
0.007975,0.018425,0.000340,46.018800,4975.000000,79.748000,-7.987900,33.400000,0.000679,7.749400,0.253600,-66.400000,0.000679,0.003011,palma
0.007263,0.017030,0.000290,44.796100,4953.000000,72.632600,-8.145500,31.200000,0.000580,7.728500,0.239790,-224.600000,0.000580,0.002038,palma
0.005579,0.013521,0.000183,30.528200,4752.000000,55.789200,-8.606900,24.600000,0.000366,7.702300,0.256610,-153.800000,0.000366,0.001633,palma
0.011114,0.027044,0.000731,59.021400,4899.000000,111.143800,-7.220500,35.600000,0.001463,7.706000,0.250890,-141.400000,0.001463,0.004061,palma
0.005834,0.010206,0.000104,23.517400,4897.000000,58.340100,-9.169500,28.600000,0.000208,7.704500,0.251210,-127.200000,0.000208,0.001375,palma
0.007433,0.016717,0.000279,35.812000,4762.000000,74.326900,-8.182600,29.400000,0.000559,7.675200,0.261260,-9.200000,0.000559,0.002862,palma
0.008503,0.018206,0.000331,39.838700,4853.000000,85.033200,-8.011900,39.600000,0.000663,7.685000,0.249860,-73.800000,0.000663,0.003208,palma
0.004238,0.009780,0.000096,16.116700,4879.000000,42.377800,-9.254700,36.200000,0.000191,7.703900,0.232650,-101.800000,0.000191,0.001329,palma
0.009179,0.022882,0.000524,43.912000,4871.000000,91.792600,-7.554700,30.600000,0.001047,7.606300,0.256350,-10.400000,0.001047,0.004709,palma
0.004778,0.010856,0.000118,19.510900,4906.000000,47.780100,-9.046000,26.200000,0.000236,7.689800,0.309600,-138.400000,0.000236,0.001371,palma
0.005265,0.011734,0.000138,22.195900,4866.000000,52.652200,-8.890500,29.200000,0.000275,7.552000,0.233860,-17.800000,0.000275,0.002193,palma
0.005079,0.011090,0.000123,17.936700,4903.000000,50.793200,-9.003300,33.800000,0.000246,7.570400,0.284410,-20.800000,0.000246,0.001994,palma
0.003287,0.004143,0.000017,11.515900,4863.000000,32.872100,-10.972400,27.600000,0.000034,7.421300,0.296820,-100.000000,0.000034,0.000853,palma
0.013770,0.029753,0.000885,61.213100,4897.000000,137.696800,-7.029500,40.800000,0.001770,7.579400,0.311110,-161.000000,0.001770,0.004138,palma
0.011370,0.028433,0.000809,64.722000,5069.000000,113.700500,-7.120300,29.400000,0.001617,7.664900,0.226080,-190.800000,0.001617,0.003427,palma
0.006112,0.018044,0.000326,34.799800,5119.000000,61.118200,-8.029700,34.800000,0.000651,7.662900,0.256740,-145.000000,0.000651,0.002460,palma
0.012636,0.030960,0.000959,69.208100,4989.000000,126.359700,-6.950000,28.600000,0.001917,7.682300,0.291100,-112.600000,0.001917,0.004792,palma
0.006077,0.020440,0.000418,27.667700,5099.000000,60.766400,-7.780400,37.200000,0.000836,7.666900,0.191110,-16.000000,0.000836,0.003539,palma
0.011848,0.029440,0.000867,54.656500,4970.000000,118.476200,-7.050700,29.000000,0.001733,7.614800,0.265940,-15.400000,0.001733,0.005770,palma
0.004125,0.011593,0.000134,15.659300,5013.000000,41.250300,-8.914600,34.400000,0.000269,7.474800,0.246290,-21.200000,0.000269,0.001877,palma
0.006301,0.013719,0.000188,28.941500,4987.000000,63.012400,-8.577900,28.200000,0.000376,7.701600,0.243060,-74.400000,0.000376,0.002206,palma
0.011102,0.025060,0.000628,56.288700,4929.000000,111.022900,-7.372900,33.200000,0.001256,7.716900,0.253660,-198.000000,0.001256,0.003071,palma
0.005112,0.011590,0.000134,22.313400,4915.000000,51.120900,-8.915100,30.000000,0.000269,7.694500,0.246630,-13.000000,0.000269,0.002145,palma
0.005938,0.014701,0.000216,26.251900,4917.000000,59.375200,-8.439600,31.800000,0.000432,7.634700,0.290470,-170.800000,0.000432,0.001845,palma
0.004306,0.007083,0.000050,15.643000,4937.000000,43.055400,-9.900100,26.800000,0.000100,7.637400,0.297050,-97.800000,0.000100,0.001364,palma
0.006939,0.015816,0.000250,29.161600,4853.000000,69.391100,-8.293300,27.600000,0.000500,7.588300,0.270670,-7.800000,0.000500,0.003149,palma
0.006783,0.013617,0.000185,27.432400,4908.000000,67.831800,-8.592800,27.200000,0.000371,7.610500,0.253070,-23.200000,0.000371,0.002407,palma
0.004802,0.009028,0.000082,20.690500,4951.000000,48.016100,-9.414700,120.000000,0.000163,7.642700,0.261060,-98.000000,0.000163,0.001486,palma
0.014111,0.028459,0.000810,66.973000,4898.000000,141.108700,-7.118500,33.200000,0.001620,7.632300,0.260430,-109.200000,0.001620,0.004333,palma
0.003449,0.004431,0.000020,12.482800,4888.000000,34.486100,-10.838200,28.000000,0.000039,7.479600,0.302130,-96.200000,0.000039,0.001143,palma
0.006407,0.014545,0.000212,23.436700,4877.000000,64.074200,-8.460900,31.600000,0.000423,7.494900,0.294040,-9.400000,0.000423,0.003290,palma
0.005357,0.009336,0.000087,21.799000,4947.000000,53.565900,-9.347600,36.800000,0.000174,7.580200,0.279400,-95.800000,0.000174,0.001840,palma
0.003841,0.004893,0.000024,12.873400,4931.000000,38.408800,-10.639800,33.800000,0.000048,7.440800,0.282390,-98.200000,0.000048,0.001099,palma
0.008554,0.031337,0.000982,30.398600,4873.000000,85.537600,-6.925800,33.000000,0.001964,7.570000,0.271500,-22.000000,0.001964,0.004766,palma
0.011520,0.025972,0.000675,48.568800,4938.000000,115.199600,-7.301400,29.800000,0.001349,7.588400,0.282000,-15.600000,0.001349,0.005017,palma
0.007822,0.015316,0.000235,33.468700,4841.000000,78.219100,-8.357600,28.600000,0.000469,7.628000,0.278340,-95.400000,0.000469,0.002924,palma
0.007275,0.017645,0.000311,27.671300,4832.000000,72.755200,-8.074500,28.800000,0.000623,7.592200,0.249560,-16.200000,0.000623,0.002993,palma
0.009374,0.019803,0.000392,39.374200,4796.000000,93.737700,-7.843700,35.800000,0.000784,7.674300,0.258240,-18.000000,0.000784,0.003650,palma
0.013380,0.027817,0.000774,54.610500,4861.000000,133.799600,-7.164100,32.200000,0.001548,7.562900,0.300250,-19.800000,0.001548,0.005132,palma
0.016499,0.038330,0.001469,72.214800,4853.000000,164.985200,-6.522900,38.200000,0.002938,7.630700,0.274110,-108.800000,0.002938,0.005990,palma
0.009976,0.014879,0.000221,50.219800,4950.000000,99.757200,-8.415600,32.000000,0.000443,7.606500,0.240650,-19.400000,0.000443,0.002919,palma
0.010749,0.022110,0.000489,41.481500,4882.000000,107.485100,-7.623400,38.000000,0.000978,7.598200,0.255310,-24.000000,0.000978,0.004429,palma
0.009254,0.022190,0.000492,46.703900,4918.000000,92.539100,-7.616100,34.600000,0.000985,7.685300,0.285330,-149.600000,0.000985,0.003453,palma
0.027040,0.052559,0.002763,131.307100,4982.000000,270.403900,-5.891500,26.600000,0.005525,7.666900,0.280550,-191.000000,0.005525,0.007341,palma
0.015885,0.027185,0.000739,79.844700,4998.000000,158.845300,-7.210100,34.800000,0.001478,7.708800,0.247060,-104.000000,0.001478,0.004314,palma
0.005192,0.013435,0.000181,22.393300,4845.000000,51.920300,-8.619700,31.800000,0.000361,7.805300,0.238560,-98.600000,0.000361,0.002209,palma
0.009326,0.022248,0.000495,41.681500,4949.000000,93.261300,-7.610900,30.000000,0.000990,7.636900,0.270070,-2.400000,0.000990,0.004996,palma
0.004892,0.010853,0.000118,25.474000,4920.000000,48.920800,-9.046500,36.200000,0.000236,7.717300,0.236500,-173.200000,0.000236,0.001368,palma
0.004752,0.010619,0.000113,21.600900,4942.000000,47.518300,-9.090100,40.400000,0.000226,7.718300,0.274200,-150.000000,0.000226,0.001320,palma
0.016663,0.039308,0.001545,60.565500,5013.000000,166.627400,-6.472600,37.000000,0.003090,7.484800,0.307530,-3.000000,0.003090,0.009495,palma
0.012301,0.017066,0.000291,58.023000,4916.000000,123.009100,-8.141200,32.200000,0.000583,7.590400,0.310790,-109.600000,0.000583,0.003457,palma
0.009342,0.020302,0.000412,56.287900,4956.000000,93.416400,-7.794000,26.800000,0.000824,7.732400,0.245430,-214.200000,0.000824,0.002639,palma
0.011499,0.027495,0.000756,69.214000,4973.000000,114.993200,-7.187400,39.000000,0.001512,7.737700,0.228290,-264.800000,0.001512,0.003411,palma
0.003550,0.006258,0.000039,20.419700,4997.000000,35.500200,-10.147900,120.000000,0.000078,7.735400,0.265810,-204.400000,0.000078,0.000940,palma
0.007014,0.017835,0.000318,34.012500,4971.000000,70.140400,-8.053100,33.400000,0.000636,7.634800,0.247470,-94.000000,0.000636,0.002866,palma
0.004899,0.013870,0.000192,22.900700,5126.000000,48.993400,-8.555900,35.200000,0.000385,7.655400,0.296500,-89.600000,0.000385,0.002234,palma
0.007864,0.014031,0.000197,42.256500,4954.000000,78.644800,-8.532900,29.600000,0.000394,7.652700,0.283690,-184.200000,0.000394,0.001872,palma
0.015135,0.032135,0.001033,79.360700,5054.000000,151.354500,-6.875500,29.800000,0.002065,7.703400,0.271600,-121.600000,0.002065,0.005301,palma
0.013349,0.030362,0.000922,66.035400,4973.000000,133.487400,-6.989000,29.200000,0.001844,7.664800,0.266840,-202.000000,0.001844,0.003900,palma
0.005348,0.010777,0.000116,24.557100,4932.000000,53.482400,-9.060500,38.200000,0.000232,7.630700,0.267830,-22.400000,0.000232,0.001952,palma
0.012267,0.026432,0.000699,62.528600,4881.000000,122.665000,-7.266300,32.200000,0.001397,7.634400,0.254360,-90.000000,0.001397,0.004599,palma
0.002668,0.006532,0.000043,11.771100,5021.000000,26.682600,-10.061900,38.200000,0.000085,7.769900,0.255250,-157.800000,0.000085,0.000859,palma
0.013610,0.029293,0.000858,74.331500,5005.000000,136.097600,-7.060700,30.600000,0.001716,7.714000,0.277030,-181.000000,0.001716,0.003916,palma
0.006740,0.014060,0.000198,34.301900,5014.000000,67.399900,-8.528700,38.000000,0.000395,7.716200,0.265050,-171.200000,0.000395,0.002165,palma
0.007887,0.018422,0.000339,38.209400,5060.000000,78.871100,-7.988300,29.200000,0.000679,7.662300,0.276090,-3.600000,0.000679,0.003730,palma
0.005410,0.011960,0.000143,23.330700,4941.000000,54.099700,-8.852300,37.000000,0.000286,7.594800,0.309530,-99.600000,0.000286,0.001923,palma
0.005510,0.011980,0.000144,24.815200,4993.000000,55.098300,-8.848900,31.000000,0.000287,7.750900,0.280820,-103.400000,0.000287,0.001821,palma
0.013956,0.034790,0.001210,60.627000,4845.000000,139.563900,-6.716800,28.000000,0.002421,7.548800,0.317180,-90.000000,0.002421,0.005495,palma
0.008808,0.019437,0.000378,41.632800,4972.000000,88.083000,-7.881100,36.600000,0.000756,7.662400,0.274690,-182.200000,0.000756,0.002213,palma
0.012257,0.029652,0.000879,63.058700,5051.000000,122.575000,-7.036400,40.000000,0.001759,7.691400,0.259090,-127.600000,0.001759,0.004581,palma
0.013839,0.028691,0.000823,67.540200,4959.000000,138.385300,-7.102200,28.800000,0.001646,7.680000,0.285020,-121.600000,0.001646,0.004862,palma
0.007244,0.015420,0.000238,32.750400,4911.000000,72.443200,-8.344100,32.600000,0.000476,7.711300,0.241510,-135.600000,0.000476,0.002242,palma
0.004443,0.005698,0.000032,15.920100,4797.000000,44.430800,-10.335100,23.800000,0.000065,7.476900,0.252560,-98.400000,0.000065,0.001209,palma
0.007840,0.015150,0.000230,37.637600,4925.000000,78.397100,-8.379400,31.200000,0.000459,7.674600,0.265350,-156.600000,0.000459,0.002090,palma
0.006316,0.014677,0.000215,23.945000,4952.000000,63.159800,-8.442800,32.800000,0.000431,7.611300,0.271160,-26.000000,0.000431,0.002325,palma
0.005369,0.010662,0.000114,21.252600,4965.000000,53.693500,-9.082000,26.800000,0.000227,7.673200,0.270030,-97.200000,0.000227,0.001801,palma
0.006499,0.012207,0.000149,25.228400,4849.000000,64.990400,-8.811400,30.200000,0.000298,7.654600,0.272640,-101.000000,0.000298,0.002004,palma
0.005133,0.007355,0.000054,20.118700,4874.000000,51.328400,-9.824800,27.400000,0.000108,7.577900,0.251610,-96.200000,0.000108,0.001666,palma
0.009068,0.022107,0.000489,37.968300,4857.000000,90.682500,-7.623600,30.800000,0.000977,7.606300,0.223660,-15.000000,0.000977,0.004265,palma
0.011362,0.022530,0.000508,59.564100,4922.000000,113.620100,-7.585700,31.400000,0.001015,7.782000,0.231650,-134.400000,0.001015,0.003148,palma
0.007258,0.017412,0.000303,33.044300,5028.000000,72.581900,-8.101000,30.400000,0.000606,7.768100,0.252260,-19.400000,0.000606,0.002942,palma
0.004865,0.010080,0.000102,21.039300,4937.000000,48.654400,-9.194400,30.400000,0.000203,7.650100,0.277920,-111.200000,0.000203,0.001590,palma
0.008452,0.017548,0.000308,40.352700,4950.000000,84.520100,-8.085500,23.800000,0.000616,7.786600,0.260350,-165.800000,0.000616,0.002303,palma
0.006538,0.013200,0.000174,23.912000,4932.000000,65.376000,-8.655000,32.000000,0.000348,7.558100,0.270730,-7.400000,0.000348,0.003187,palma
0.007418,0.014617,0.000214,30.952800,4971.000000,74.183400,-8.451100,37.200000,0.000427,7.645400,0.249220,-20.200000,0.000427,0.002537,palma
0.009961,0.020225,0.000409,44.776600,4978.000000,99.610600,-7.801600,26.200000,0.000818,7.670200,0.259760,-19.000000,0.000818,0.003951,palma
0.007707,0.011649,0.000136,29.877200,4901.000000,77.071500,-8.905000,29.600000,0.000271,7.565700,0.279530,-16.200000,0.000271,0.002821,palma
0.007213,0.015079,0.000227,33.491400,4896.000000,72.134000,-8.388700,33.200000,0.000455,7.685400,0.249820,-16.600000,0.000455,0.002480,palma
0.004113,0.009008,0.000081,18.673700,5001.000000,41.130300,-9.419300,34.600000,0.000162,7.729800,0.246200,-166.400000,0.000162,0.001128,palma
0.007737,0.016289,0.000265,34.915000,4888.000000,77.371800,-8.234500,31.800000,0.000531,7.678800,0.287490,-110.400000,0.000531,0.002260,palma
0.006519,0.013181,0.000174,29.362400,4940.000000,65.185700,-8.657800,35.200000,0.000347,7.671300,0.262990,-227.400000,0.000347,0.001667,palma
0.006902,0.014451,0.000209,30.721100,4919.000000,69.015800,-8.473800,35.800000,0.000418,7.682500,0.243890,-127.200000,0.000418,0.002068,palma
0.007469,0.013005,0.000169,32.863500,4921.000000,74.688100,-8.684700,28.800000,0.000338,7.667700,0.268780,-175.400000,0.000338,0.001818,palma
0.005601,0.013519,0.000183,18.863100,4909.000000,56.006700,-8.607300,25.600000,0.000366,7.589500,0.228980,-21.000000,0.000366,0.002533,palma
0.008474,0.016353,0.000267,33.745600,4935.000000,84.739300,-8.226600,36.400000,0.000535,7.578700,0.289650,-108.000000,0.000535,0.002556,palma
0.022442,0.039219,0.001538,114.350500,4966.000000,224.420900,-6.477100,36.000000,0.003076,7.679800,0.264700,-110.400000,0.003076,0.006397,palma
0.010765,0.020480,0.000419,54.498400,4891.000000,107.648300,-7.776600,32.200000,0.000839,7.698100,0.275340,-171.000000,0.000839,0.002818,palma
0.010854,0.030203,0.000912,41.273300,4953.000000,108.537000,-6.999500,34.600000,0.001824,7.515800,0.274690,-21.800000,0.001824,0.005308,palma
0.012956,0.024134,0.000583,64.384400,4917.000000,129.563900,-7.448200,29.600000,0.001165,7.687900,0.259880,-74.400000,0.001165,0.004764,palma
0.008341,0.013412,0.000180,35.919300,5021.000000,83.414500,-8.623200,23.800000,0.000360,7.626400,0.283370,-120.200000,0.000360,0.001855,palma
0.009979,0.018614,0.000347,46.258200,4945.000000,99.790000,-7.967600,28.000000,0.000693,7.642400,0.278070,-157.400000,0.000693,0.002706,palma
0.016441,0.031773,0.001010,78.477500,4956.000000,164.408100,-6.898200,34.000000,0.002019,7.653400,0.271130,-69.400000,0.002019,0.005847,palma
0.009241,0.019694,0.000388,39.436800,4903.000000,92.410100,-7.854800,34.400000,0.000776,7.664400,0.254450,-125.000000,0.000776,0.003268,palma
0.013469,0.028177,0.000794,60.526200,4922.000000,134.694400,-7.138400,43.800000,0.001588,7.666000,0.265830,-111.200000,0.001588,0.003677,palma
0.023205,0.047470,0.002254,110.103400,4946.000000,232.046100,-6.095200,30.600000,0.004507,7.764100,0.258340,-112.000000,0.004507,0.007539,palma
0.017128,0.030507,0.000931,89.034000,4965.000000,171.283500,-6.979500,37.600000,0.001861,7.678200,0.262520,-154.400000,0.001861,0.004047,palma
0.020867,0.039723,0.001578,93.821400,4995.000000,208.671400,-6.451500,32.000000,0.003156,7.617200,0.254750,-15.200000,0.003156,0.007790,palma
0.004062,0.008890,0.000079,19.059700,5105.000000,40.620000,-9.445600,25.200000,0.000158,7.748200,0.249420,-155.800000,0.000158,0.001351,palma
0.006891,0.011374,0.000129,25.490100,4955.000000,68.911000,-8.952800,20.800000,0.000259,7.680500,0.253390,-142.200000,0.000259,0.001620,palma
0.014608,0.028678,0.000823,75.274800,4894.000000,146.078500,-7.103100,29.400000,0.001645,7.748700,0.259630,-185.600000,0.001645,0.004083,palma
0.009629,0.020609,0.000425,39.261900,4891.000000,96.286600,-7.763900,38.600000,0.000849,7.583900,0.263760,-147.600000,0.000849,0.003138,palma
0.007974,0.019379,0.000376,34.207800,4901.000000,79.744400,-7.887000,25.400000,0.000751,7.713000,0.227350,-211.000000,0.000751,0.002431,palma
0.006721,0.010680,0.000114,39.136100,4958.000000,67.207300,-9.078700,25.800000,0.000228,7.650200,0.245830,-174.200000,0.000228,0.001386,pinza
0.005840,0.012094,0.000146,37.005100,4899.000000,58.397900,-8.830000,120.000000,0.000293,7.709200,0.259780,-226.600000,0.000293,0.001489,pinza
0.014473,0.023912,0.000572,88.948300,4920.000000,144.728900,-7.466700,24.200000,0.001143,7.739600,0.237170,-248.800000,0.001143,0.002950,pinza
0.005992,0.008195,0.000067,38.050600,4925.000000,59.917600,-9.608400,120.000000,0.000134,7.728000,0.263540,-172.000000,0.000134,0.001294,pinza
0.008201,0.016590,0.000275,49.309000,4878.000000,82.012600,-8.197800,29.600000,0.000550,7.738600,0.276310,-201.400000,0.000550,0.002062,pinza
0.012308,0.023803,0.000567,63.408500,4872.000000,123.076400,-7.475800,40.200000,0.001133,7.638900,0.287690,-120.000000,0.001133,0.003700,pinza
0.009097,0.016759,0.000281,52.062500,4895.000000,90.972600,-8.177500,29.800000,0.000562,7.696500,0.274710,-100.200000,0.000562,0.002579,pinza
0.008509,0.015356,0.000236,50.240300,4875.000000,85.090600,-8.352300,34.000000,0.000472,7.691400,0.263430,-296.600000,0.000472,0.001756,pinza
0.009551,0.018335,0.000336,56.540500,4958.000000,95.507800,-7.997800,31.400000,0.000672,7.690100,0.234180,-231.000000,0.000672,0.002298,pinza
0.012955,0.026770,0.000717,86.051300,5012.000000,129.546600,-7.240900,34.400000,0.001433,7.797100,0.205690,-292.800000,0.001433,0.003023,pinza
0.007655,0.012558,0.000158,47.015400,5023.000000,76.546000,-8.754700,96.800000,0.000315,7.711600,0.264990,-277.200000,0.000315,0.001500,pinza
0.007201,0.011905,0.000142,48.880300,4985.000000,72.012900,-8.861600,138.400000,0.000283,7.740800,0.242990,-317.000000,0.000283,0.001240,pinza
0.003990,0.005233,0.000027,27.829500,4925.000000,39.896800,-10.505400,120.000000,0.000055,7.787600,0.247410,0.000000,0.000055,0.001032,pinza
0.006974,0.015901,0.000253,42.922800,4930.000000,69.744400,-8.282600,37.000000,0.000506,7.733500,0.256970,-257.600000,0.000506,0.001731,pinza
0.011782,0.024439,0.000597,69.032000,4960.000000,117.822900,-7.423000,40.400000,0.001195,7.665000,0.270930,-175.000000,0.001195,0.003025,pinza
0.010839,0.020104,0.000404,68.382000,4915.000000,108.388000,-7.813600,36.000000,0.000808,7.775800,0.236670,-244.400000,0.000808,0.002769,pinza
0.004431,0.005986,0.000036,30.998000,4936.000000,44.310900,-10.236600,120.000000,0.000072,7.754800,0.238070,0.000000,0.000072,0.001160,pinza
0.008928,0.019905,0.000396,53.163800,4976.000000,89.284400,-7.833500,33.600000,0.000792,7.687500,0.215830,-188.600000,0.000792,0.002542,pinza
0.008472,0.022496,0.000506,48.954900,4971.000000,84.716500,-7.588700,25.400000,0.001012,7.624300,0.229250,-102.400000,0.001012,0.003360,pinza
0.007637,0.015659,0.000245,44.198800,4863.000000,76.373100,-8.313300,23.600000,0.000490,7.643000,0.245390,-98.800000,0.000490,0.002720,pinza
0.005447,0.007621,0.000058,36.653700,4844.000000,54.471100,-9.753700,120.000000,0.000116,7.800800,0.245670,-224.000000,0.000116,0.001235,pinza
0.009213,0.023103,0.000534,54.485800,4998.000000,92.124600,-7.535500,40.200000,0.001068,7.687700,0.286080,-132.000000,0.001068,0.003396,pinza
0.004448,0.005970,0.000036,30.939400,4926.000000,44.481600,-10.242100,120.000000,0.000071,7.729100,0.241780,0.000000,0.000071,0.001420,pinza
0.006063,0.010037,0.000101,38.083700,4863.000000,60.626800,-9.202800,125.800000,0.000201,7.727400,0.274030,-187.800000,0.000201,0.001118,pinza
0.002625,0.003963,0.000016,17.210800,5151.000000,26.248800,-11.061500,120.000000,0.000031,7.824400,0.261790,0.000000,0.000031,0.001414,pinza
0.002563,0.003421,0.000012,18.526500,5088.000000,25.625100,-11.355300,120.000000,0.000023,7.739900,0.221540,0.000000,0.000023,0.001594,pinza
0.005072,0.014296,0.000204,30.712900,5008.000000,50.720100,-8.495500,37.000000,0.000409,7.745800,0.252630,-133.400000,0.000409,0.001824,pinza
0.005455,0.012288,0.000151,34.366500,5008.000000,54.551700,-8.798200,35.000000,0.000302,7.673800,0.302070,-203.200000,0.000302,0.001465,pinza
0.010232,0.031045,0.000964,51.009300,4934.000000,102.318600,-6.944600,24.200000,0.001927,7.681700,0.274260,-58.800000,0.001927,0.004344,pinza
0.008998,0.024927,0.000621,53.317500,4955.000000,89.979100,-7.383500,38.800000,0.001243,7.682900,0.220730,-225.800000,0.001243,0.003532,pinza
0.010152,0.021684,0.000470,60.720600,4932.000000,101.522900,-7.662300,35.600000,0.000940,7.690700,0.233240,-222.600000,0.000940,0.003150,pinza
0.014241,0.028603,0.000818,80.885000,4894.000000,142.407400,-7.108400,32.400000,0.001636,7.642400,0.265440,-194.400000,0.001636,0.003409,pinza
0.016296,0.033188,0.001102,93.189600,4918.000000,162.961500,-6.811000,43.400000,0.002203,7.718500,0.308420,-149.000000,0.002203,0.004354,pinza
0.010979,0.025103,0.000630,61.443400,4884.000000,109.786500,-7.369400,33.600000,0.001260,7.617000,0.280800,-161.600000,0.001260,0.003132,pinza
0.016566,0.033331,0.001111,96.840000,4862.000000,165.658400,-6.802500,29.800000,0.002222,7.679400,0.302390,-235.200000,0.002222,0.004106,pinza
0.004402,0.005817,0.000034,31.510400,4918.000000,44.022800,-10.293800,120.000000,0.000068,7.746600,0.226580,-81.800000,0.000068,0.001030,pinza
0.013760,0.027632,0.000764,91.928300,4902.000000,137.599900,-7.177400,143.600000,0.001527,7.750500,0.251950,-343.000000,0.001527,0.002839,pinza
0.007785,0.018637,0.000347,52.061300,4971.000000,77.849700,-7.965100,32.000000,0.000695,7.720100,0.258900,-277.400000,0.000695,0.001773,pinza
0.014567,0.026986,0.000728,100.795300,4934.000000,145.667900,-7.224800,30.000000,0.001456,7.807500,0.226240,-345.200000,0.001456,0.002806,pinza
0.008039,0.016707,0.000279,56.305100,4961.000000,80.392000,-8.183800,30.200000,0.000558,7.767800,0.210320,-317.400000,0.000558,0.001526,pinza
0.009615,0.021635,0.000468,64.668400,4927.000000,96.149500,-7.666800,183.800000,0.000936,7.810000,0.207410,-292.200000,0.000936,0.002019,pinza
0.009899,0.019516,0.000381,61.927100,4948.000000,98.991200,-7.872900,32.000000,0.000762,7.777700,0.220770,-10.600000,0.000762,0.003693,pinza
0.007506,0.015100,0.000228,49.032000,4832.000000,75.054900,-8.386000,32.800000,0.000456,7.869400,0.216530,-294.400000,0.000456,0.001886,pinza
0.008259,0.016264,0.000265,57.137000,4885.000000,82.586900,-8.237500,31.400000,0.000529,7.775500,0.219730,-302.400000,0.000529,0.001701,pinza
0.013585,0.021650,0.000469,74.186800,4913.000000,135.845100,-7.665400,26.000000,0.000937,7.668000,0.271280,-188.000000,0.000937,0.003025,pinza
0.009533,0.018587,0.000346,57.278300,4944.000000,95.329300,-7.970400,24.600000,0.000691,7.681800,0.286670,-263.000000,0.000691,0.002381,pinza
0.007854,0.016127,0.000260,48.353300,4971.000000,78.538100,-8.254400,104.200000,0.000520,7.668900,0.306630,-246.600000,0.000520,0.001694,pinza
0.011666,0.022523,0.000507,69.917800,4919.000000,116.659700,-7.586400,35.400000,0.001014,7.679600,0.264030,-258.800000,0.001014,0.002797,pinza
0.008507,0.015280,0.000234,53.038600,4899.000000,85.068900,-8.362300,153.200000,0.000467,7.751300,0.264280,-326.400000,0.000467,0.001446,pinza
0.009701,0.017623,0.000311,59.672400,4903.000000,97.011300,-8.077000,27.200000,0.000621,7.678500,0.283540,-209.400000,0.000621,0.002083,pinza
0.006677,0.012223,0.000149,39.534100,4857.000000,66.765200,-8.808700,28.400000,0.000299,7.677500,0.264920,-153.200000,0.000299,0.001638,pinza
0.011529,0.023777,0.000565,64.312400,4882.000000,115.286300,-7.478000,31.200000,0.001131,7.643800,0.290650,-102.800000,0.001131,0.003871,pinza
0.006216,0.010298,0.000106,36.340500,4849.000000,62.163300,-9.151500,35.000000,0.000212,7.764700,0.262560,-183.800000,0.000212,0.001465,pinza
0.009582,0.017639,0.000311,55.267000,4898.000000,95.817000,-8.075200,34.200000,0.000622,7.715100,0.284460,-124.800000,0.000622,0.002373,pinza
0.015144,0.029242,0.000855,87.195700,4889.000000,151.439500,-7.064200,31.000000,0.001710,7.667400,0.258920,-217.600000,0.001710,0.003566,pinza
0.009641,0.020687,0.000428,57.542400,4870.000000,96.408200,-7.756400,25.400000,0.000856,7.649300,0.262670,-190.400000,0.000856,0.002250,pinza
0.010972,0.025166,0.000633,61.911900,4892.000000,109.715300,-7.364400,29.800000,0.001267,7.661600,0.309550,-219.800000,0.001267,0.002845,pinza
0.010753,0.022618,0.000512,63.376900,4896.000000,107.535000,-7.577900,119.800000,0.001023,7.692800,0.280530,-234.800000,0.001023,0.002544,pinza
0.010170,0.020346,0.000414,63.744100,4899.000000,101.698200,-7.789700,35.800000,0.000828,7.730100,0.258230,-287.800000,0.000828,0.002139,pinza
0.012516,0.024747,0.000612,71.683800,4910.000000,125.162500,-7.398000,40.000000,0.001225,7.656100,0.299720,-182.400000,0.001225,0.003328,pinza
0.008025,0.013545,0.000183,51.487400,4861.000000,80.252300,-8.603300,107.200000,0.000367,7.685500,0.282030,-254.600000,0.000367,0.001433,pinza
0.011529,0.020225,0.000409,76.625200,5003.000000,115.286200,-7.801600,37.400000,0.000818,7.730800,0.248170,-270.400000,0.000818,0.002316,pinza
0.011891,0.022451,0.000504,68.983200,4853.000000,118.909300,-7.592700,36.200000,0.001008,7.702000,0.247920,-230.200000,0.001008,0.002736,pinza
0.017092,0.029357,0.000862,108.191300,4924.000000,170.921300,-7.056300,158.600000,0.001724,7.711200,0.235080,-295.000000,0.001724,0.003426,pinza
0.010526,0.020654,0.000427,67.603300,4880.000000,105.259500,-7.759600,34.800000,0.000853,7.685000,0.248490,-283.000000,0.000853,0.002361,pinza
0.015008,0.026496,0.000702,93.430400,4895.000000,150.077800,-7.261400,28.600000,0.001404,7.709400,0.245020,-228.600000,0.001404,0.003254,pinza
0.009279,0.014151,0.000200,57.884400,4843.000000,92.785000,-8.515900,33.400000,0.000400,7.742000,0.236730,-184.800000,0.000400,0.001933,pinza
0.008698,0.014119,0.000199,54.962300,4890.000000,86.978500,-8.520300,30.800000,0.000399,7.810600,0.246600,-237.200000,0.000399,0.001483,pinza
0.007564,0.014070,0.000198,47.368400,4945.000000,75.640900,-8.527300,30.800000,0.000396,7.690800,0.240240,-221.000000,0.000396,0.001909,pinza
0.008442,0.015641,0.000245,49.971800,4796.000000,84.416000,-8.315600,36.600000,0.000489,7.715300,0.245780,-182.200000,0.000489,0.002147,pinza
0.008265,0.014419,0.000208,55.062200,4889.000000,82.653200,-8.478300,146.800000,0.000416,7.714300,0.257480,-266.000000,0.000416,0.001624,pinza
0.009851,0.018856,0.000356,60.385000,4867.000000,98.513200,-7.941700,27.000000,0.000711,7.767200,0.280340,-238.400000,0.000711,0.002057,pinza
0.013238,0.025201,0.000635,84.609300,4925.000000,132.383800,-7.361600,32.200000,0.001270,7.724900,0.243240,-269.200000,0.001270,0.002584,pinza
0.006528,0.011276,0.000127,42.694200,4976.000000,65.276600,-8.970000,128.200000,0.000254,7.723400,0.265510,-299.200000,0.000254,0.001066,pinza
0.008625,0.016322,0.000266,54.928900,4939.000000,86.245600,-8.230400,26.000000,0.000533,7.706400,0.239130,-240.600000,0.000533,0.001915,pinza
0.009835,0.020927,0.000438,66.702600,4991.000000,98.351900,-7.733300,138.800000,0.000876,7.750600,0.226820,-258.200000,0.000876,0.002431,pinza
0.007237,0.014547,0.000212,48.969600,4950.000000,72.372900,-8.460600,129.400000,0.000423,7.828400,0.229080,-316.000000,0.000423,0.001350,pinza
0.009341,0.016642,0.000277,61.560400,4890.000000,93.405700,-8.191600,146.800000,0.000554,7.707100,0.286830,-287.000000,0.000554,0.001632,pinza
0.010978,0.018909,0.000358,73.312300,4865.000000,109.780800,-7.936200,125.600000,0.000715,7.752100,0.252370,-194.000000,0.000715,0.002154,pinza
0.011762,0.021529,0.000464,75.931100,4861.000000,117.622100,-7.676600,27.400000,0.000927,7.717100,0.299320,-243.000000,0.000927,0.002373,pinza
0.018814,0.031118,0.000968,113.973900,4954.000000,188.137700,-6.939800,34.000000,0.001937,7.681100,0.264880,-77.200000,0.001937,0.005160,pinza
0.009685,0.017799,0.000317,63.375600,4941.000000,96.853900,-8.057100,30.800000,0.000634,7.708200,0.254340,-271.000000,0.000634,0.002149,pinza
0.009792,0.020159,0.000406,60.561800,4876.000000,97.916300,-7.808200,23.800000,0.000813,7.726800,0.239960,-336.600000,0.000813,0.002329,pinza
0.007515,0.015187,0.000231,44.355500,4932.000000,75.146400,-8.374500,40.200000,0.000461,7.639000,0.237450,-191.000000,0.000461,0.001839,pinza
0.011146,0.021754,0.000473,69.486300,4934.000000,111.464900,-7.655800,31.200000,0.000946,7.729400,0.247050,-127.400000,0.000946,0.003201,pinza
0.005779,0.010752,0.000116,36.251200,4906.000000,57.794300,-9.065300,120.000000,0.000231,7.756100,0.261080,-281.000000,0.000231,0.001222,pinza
0.014747,0.029448,0.000867,96.073600,5034.000000,147.473100,-7.050200,228.600000,0.001734,7.737900,0.234150,-285.400000,0.001734,0.003121,pinza
0.012997,0.024839,0.000617,84.563800,4988.000000,129.973100,-7.390600,105.200000,0.001234,7.716000,0.247070,-290.400000,0.001234,0.002528,pinza
0.011254,0.020345,0.000414,71.074900,4846.000000,112.543200,-7.789800,29.600000,0.000828,7.755000,0.265830,-296.600000,0.000828,0.002143,pinza
0.010079,0.019575,0.000383,62.692000,4876.000000,100.786800,-7.866900,124.800000,0.000766,7.751300,0.298820,-254.000000,0.000766,0.002148,pinza
0.005891,0.009290,0.000086,37.424900,4839.000000,58.910800,-9.357700,120.000000,0.000173,7.829900,0.248690,-270.200000,0.000173,0.001070,pinza
0.008420,0.020028,0.000401,48.413800,4795.000000,84.201700,-7.821200,120.000000,0.000802,7.691200,0.318550,-169.600000,0.000802,0.002848,pinza
0.005210,0.012143,0.000147,35.143200,5075.000000,52.099100,-8.821900,120.000000,0.000295,7.767700,0.241150,-297.200000,0.000295,0.001216,pinza
0.006132,0.017131,0.000294,34.353600,5003.000000,61.317500,-8.133600,34.600000,0.000587,7.691400,0.276210,-154.000000,0.000587,0.002402,pinza
0.006271,0.012486,0.000156,42.428100,5000.000000,62.707200,-8.766200,36.400000,0.000312,7.784100,0.217130,-182.800000,0.000312,0.001727,pinza
0.011434,0.025593,0.000655,75.367400,4934.000000,114.343400,-7.330800,140.600000,0.001310,7.747300,0.261200,-366.200000,0.001310,0.002530,pinza
0.013752,0.024735,0.000612,88.284200,4868.000000,137.520400,-7.398900,27.600000,0.001224,7.772700,0.249380,-336.600000,0.001224,0.002548,pinza
0.010615,0.021294,0.000454,64.657900,4924.000000,106.147000,-7.698500,37.800000,0.000907,7.708400,0.241450,-169.400000,0.000907,0.002647,pinza
0.013828,0.023669,0.000560,88.081900,4889.000000,138.281000,-7.487100,36.800000,0.001120,7.712500,0.239970,-293.200000,0.001120,0.002403,pinza
0.010383,0.022841,0.000522,64.302800,5011.000000,103.831700,-7.558300,33.200000,0.001043,7.666500,0.219140,-137.600000,0.001043,0.003582,pinza
0.011216,0.023571,0.000556,70.807400,4929.000000,112.163800,-7.495400,37.800000,0.001111,7.788100,0.253620,-335.800000,0.001111,0.002312,pinza
0.011421,0.022508,0.000507,73.198000,4930.000000,114.206500,-7.587700,159.400000,0.001013,7.757000,0.258350,-315.200000,0.001013,0.002236,pinza
0.005662,0.011978,0.000143,37.121300,4874.000000,56.622200,-8.849200,23.800000,0.000287,7.724300,0.267300,-399.400000,0.000287,0.001026,pinza
0.007827,0.017139,0.000294,50.842700,4922.000000,78.271900,-8.132700,120.000000,0.000587,7.670500,0.243480,-200.800000,0.000587,0.002121,pinza
0.018213,0.029160,0.000850,111.193400,4846.000000,182.134000,-7.069800,135.200000,0.001701,7.714500,0.272480,-298.800000,0.001701,0.003193,pinza
0.006539,0.011857,0.000141,42.591700,4921.000000,65.387900,-8.869500,96.200000,0.000281,7.769500,0.269110,-313.600000,0.000281,0.001138,pinza
0.008650,0.019483,0.000380,50.667200,4752.000000,86.498200,-7.876300,31.000000,0.000759,7.681900,0.261120,-175.800000,0.000759,0.002712,pinza
0.008961,0.019246,0.000370,58.463900,4788.000000,89.607200,-7.900800,151.200000,0.000741,7.704200,0.252240,-287.400000,0.000741,0.002018,pinza
0.005557,0.013023,0.000170,36.258600,4909.000000,55.571000,-8.681900,216.200000,0.000339,7.763100,0.240650,-335.000000,0.000339,0.001179,pinza
0.009886,0.022924,0.000526,60.467700,4955.000000,98.862600,-7.551100,34.600000,0.001051,7.726400,0.213570,-279.400000,0.001051,0.002501,pinza
0.006941,0.013222,0.000175,45.838300,4951.000000,69.414800,-8.651600,31.800000,0.000350,7.723700,0.214420,-396.600000,0.000350,0.001424,pinza
0.006525,0.011877,0.000141,45.740100,4986.000000,65.247300,-8.866200,108.000000,0.000282,7.772900,0.221050,-309.600000,0.000282,0.001139,pinza
0.006768,0.017973,0.000323,46.060000,4988.000000,67.680500,-8.037700,132.200000,0.000646,7.729800,0.231480,-353.800000,0.000646,0.001779,pinza
0.011117,0.025589,0.000655,77.064300,4922.000000,111.167300,-7.331100,103.400000,0.001310,7.778200,0.214810,-346.000000,0.001310,0.002354,pinza
0.006755,0.016795,0.000282,41.018500,4804.000000,67.546600,-8.173200,120.000000,0.000564,7.711700,0.257010,-334.600000,0.000564,0.001479,pinza
0.009532,0.020750,0.000431,58.825200,4866.000000,95.325500,-7.750300,35.000000,0.000861,7.695500,0.264260,-283.400000,0.000861,0.002087,pinza
0.011063,0.020537,0.000422,74.760800,4882.000000,110.633000,-7.770900,22.600000,0.000844,7.723300,0.219340,-337.400000,0.000844,0.001924,pinza
0.013358,0.023589,0.000556,85.739400,4829.000000,133.578800,-7.493900,27.600000,0.001113,7.727700,0.238350,-356.600000,0.001113,0.002893,pinza
0.007675,0.018814,0.000354,52.205900,4811.000000,76.745600,-7.946300,129.200000,0.000708,7.742200,0.240910,-322.400000,0.000708,0.001643,pinza
0.008814,0.018004,0.000324,59.563200,4839.000000,88.137500,-8.034200,30.000000,0.000648,7.738500,0.213350,-313.800000,0.000648,0.001775,pinza
0.013270,0.025814,0.000666,71.522900,4919.000000,132.700300,-7.313600,37.800000,0.001333,7.699900,0.258120,-159.400000,0.001333,0.003942,pinza
0.002240,0.003142,0.000010,17.285900,5147.000000,22.394800,-11.525800,120.000000,0.000020,7.782200,0.204300,-300.200000,0.000020,0.000927,pinza
0.011486,0.021327,0.000455,72.324900,4920.000000,114.857600,-7.695400,36.800000,0.000910,7.721100,0.237500,-230.000000,0.000910,0.002494,pinza
0.007562,0.013968,0.000195,47.449200,4923.000000,75.623100,-8.541900,31.000000,0.000390,7.912900,0.268120,-155.400000,0.000390,0.001961,pinza
0.008539,0.015437,0.000238,51.767500,4939.000000,85.389600,-8.341800,28.600000,0.000477,7.712500,0.255180,-159.000000,0.000477,0.002308,pinza
0.013459,0.023578,0.000556,82.607000,4903.000000,134.593800,-7.494800,22.400000,0.001112,7.734500,0.246630,-252.400000,0.001112,0.002831,pinza
0.015019,0.024084,0.000580,93.736100,4865.000000,150.185100,-7.452300,139.200000,0.001160,7.733900,0.266660,-296.200000,0.001160,0.002775,pinza
0.008616,0.013569,0.000184,57.341300,4913.000000,86.156500,-8.599800,113.600000,0.000368,7.729700,0.256190,-323.800000,0.000368,0.001323,pinza
0.009292,0.016344,0.000267,60.603600,4900.000000,92.920300,-8.227700,26.400000,0.000534,7.701200,0.261640,-266.800000,0.000534,0.001752,pinza
0.006159,0.013014,0.000169,39.923500,4870.000000,61.593800,-8.683300,27.600000,0.000339,7.769700,0.243920,-335.800000,0.000339,0.001349,pinza
0.004660,0.006445,0.000042,29.874500,4757.000000,46.595600,-10.088900,120.000000,0.000083,7.751900,0.264340,-323.600000,0.000083,0.000651,pinza
0.005683,0.009258,0.000086,34.103000,4824.000000,56.826700,-9.364500,120.000000,0.000171,7.741200,0.260260,-241.600000,0.000171,0.001027,pinza
0.009316,0.016922,0.000286,59.320000,4844.000000,93.158200,-8.158200,140.800000,0.000573,7.763100,0.267140,-304.200000,0.000573,0.001604,pinza
0.008818,0.015619,0.000244,52.961800,4798.000000,88.184700,-8.318400,29.600000,0.000488,7.784900,0.261240,-162.800000,0.000488,0.001993,pinza
0.008379,0.015022,0.000226,50.361500,4822.000000,83.786700,-8.396400,127.600000,0.000451,7.732300,0.276510,-254.000000,0.000451,0.001674,pinza
0.005226,0.007882,0.000062,32.586600,4789.000000,52.262900,-9.686100,120.000000,0.000124,7.782000,0.279230,-51.000000,0.000124,0.001378,pinza
0.008721,0.016791,0.000282,52.802500,4802.000000,87.211900,-8.173700,31.000000,0.000564,7.693600,0.277080,-245.200000,0.000564,0.001852,pinza
0.007838,0.010408,0.000108,50.621900,4939.000000,78.382900,-9.130200,116.000000,0.000217,7.756600,0.252680,-275.000000,0.000217,0.001152,pinza
0.008144,0.015996,0.000256,53.170500,4889.000000,81.440900,-8.270700,101.000000,0.000512,7.713900,0.246640,-314.200000,0.000512,0.001512,pinza
0.009167,0.023369,0.000546,51.015600,4964.000000,91.668100,-7.512600,35.600000,0.001092,7.701600,0.248090,-77.000000,0.001092,0.003549,pinza
0.010304,0.018677,0.000349,64.328300,4968.000000,103.038800,-7.960900,34.600000,0.000698,7.716500,0.246670,-110.600000,0.000698,0.002992,pinza
0.013637,0.023985,0.000575,90.189400,4956.000000,136.370600,-7.460500,26.000000,0.001151,7.733100,0.230590,-265.200000,0.001151,0.002509,pinza
0.011077,0.020012,0.000401,69.285100,4873.000000,110.771100,-7.822700,38.400000,0.000801,7.699500,0.253870,-343.800000,0.000801,0.002123,pinza
0.010693,0.020949,0.000439,67.180800,4919.000000,106.927100,-7.731200,30.000000,0.000878,7.792800,0.257110,-266.800000,0.000878,0.002358,pinza
0.008158,0.017737,0.000315,50.285000,4947.000000,81.581300,-8.064100,37.400000,0.000629,7.706300,0.294840,-218.600000,0.000629,0.002099,pinza
0.011185,0.021952,0.000482,71.695300,4997.000000,111.853300,-7.637700,121.600000,0.000964,7.713100,0.293280,-240.200000,0.000964,0.002569,pinza
0.009230,0.019216,0.000369,58.199300,5013.000000,92.302000,-7.904000,120.000000,0.000738,7.745600,0.299240,-262.600000,0.000738,0.002313,pinza
0.013901,0.025151,0.000633,80.787800,4970.000000,139.006400,-7.365600,28.800000,0.001265,7.693200,0.281720,-115.000000,0.001265,0.003680,pinza
0.007589,0.010776,0.000116,49.785400,5022.000000,75.889500,-9.060900,120.000000,0.000232,7.784500,0.242470,-403.200000,0.000232,0.001122,pinza
0.011172,0.022891,0.000524,69.146500,4943.000000,111.715300,-7.554000,41.000000,0.001048,7.661000,0.273760,-278.600000,0.001048,0.002164,pinza
0.021444,0.057929,0.003356,112.537100,4934.000000,214.439500,-5.697000,36.400000,0.006711,7.630600,0.261050,-64.800000,0.006711,0.010065,puno
0.016363,0.051894,0.002693,95.390100,4981.000000,163.634600,-5.917100,31.000000,0.005386,7.711000,0.322950,-218.400000,0.005386,0.006322,puno
0.034878,0.092119,0.008487,193.882000,5012.000000,348.781700,-4.769200,36.200000,0.016972,7.666000,0.267590,-173.400000,0.016972,0.012553,puno
0.021480,0.069712,0.004860,129.748300,5060.000000,214.800600,-5.326700,41.400000,0.009720,7.780000,0.261480,-101.000000,0.009720,0.010693,puno
0.016238,0.061350,0.003764,95.596900,4982.000000,162.381500,-5.582200,113.000000,0.007528,7.699600,0.347540,-112.800000,0.007528,0.006664,puno
0.025756,0.074409,0.005537,142.638800,4875.000000,257.559600,-5.196200,37.600000,0.011073,7.739300,0.293100,-103.200000,0.011073,0.013648,puno
0.007072,0.009254,0.000086,47.582700,4952.000000,70.716400,-9.365400,120.000000,0.000171,7.716000,0.255180,0.000000,0.000171,0.002792,puno
0.022155,0.067900,0.004611,97.001900,4859.000000,221.550800,-5.379300,32.000000,0.009221,7.484700,0.302830,-27.600000,0.009221,0.010946,puno
0.010924,0.025394,0.000645,61.625100,4836.000000,109.241900,-7.346400,32.800000,0.001290,7.797500,0.288920,-107.400000,0.001290,0.003600,puno
0.023238,0.066065,0.004365,133.735600,4874.000000,232.377800,-5.434100,39.000000,0.008729,7.701200,0.283540,-192.600000,0.008729,0.007577,puno
0.034089,0.081308,0.006612,186.528400,4887.000000,340.894900,-5.018900,26.800000,0.013222,7.634500,0.252530,-61.000000,0.013222,0.013848,puno
0.018761,0.038595,0.001490,118.170200,4929.000000,187.611400,-6.509200,25.800000,0.002979,7.689600,0.259200,-187.600000,0.002979,0.004273,puno
0.032171,0.072126,0.005202,174.266900,4996.000000,321.707600,-5.258600,40.600000,0.010404,7.616100,0.252090,-17.800000,0.010404,0.011785,puno
0.020156,0.056324,0.003173,99.487400,4922.000000,201.559900,-5.753200,35.600000,0.006345,7.595800,0.318130,-100.800000,0.006345,0.007213,puno
0.013340,0.028019,0.000785,80.755100,4969.000000,133.405000,-7.149700,24.000000,0.001570,7.786200,0.295530,-127.800000,0.001570,0.004112,puno
0.009053,0.011950,0.000143,66.206000,4942.000000,90.533900,-8.854000,120.000000,0.000286,7.773100,0.228180,-80.200000,0.000286,0.002364,puno
0.027291,0.085327,0.007281,140.948700,4899.000000,272.912800,-4.922400,34.600000,0.014561,7.572900,0.284890,-178.400000,0.014561,0.010170,puno
0.031371,0.075733,0.005736,154.810100,5014.000000,313.707800,-5.161000,26.600000,0.011471,7.683200,0.267680,-16.000000,0.011471,0.012876,puno
0.068749,0.126940,0.016115,326.108500,5026.000000,687.486500,-4.128000,33.000000,0.032226,7.596800,0.298880,-79.600000,0.032226,0.032164,puno
0.035707,0.094307,0.008895,190.465300,4917.000000,357.069500,-4.722300,27.200000,0.017787,7.654700,0.283520,-154.400000,0.017787,0.010569,puno
0.065524,0.139820,0.019552,302.409000,5030.000000,655.242300,-3.934700,34.000000,0.039101,7.666000,0.248390,-16.800000,0.039101,0.024768,puno
0.023904,0.065327,0.004268,116.130400,5045.000000,239.035000,-5.456600,30.000000,0.008535,7.617500,0.311570,-13.200000,0.008535,0.011578,puno
0.137030,0.186060,0.034623,718.267100,5054.000000,1370.277300,-3.363200,38.600000,0.069239,7.648200,0.250180,-151.000000,0.069239,0.027484,puno
0.033558,0.079262,0.006283,120.835400,5023.000000,335.576500,-5.069900,31.000000,0.012565,7.460500,0.248200,-12.600000,0.012565,0.023542,puno
0.025763,0.057581,0.003316,117.293100,4879.000000,257.631500,-5.709000,35.600000,0.006631,7.483400,0.328630,-65.400000,0.006631,0.010879,puno
0.032839,0.062048,0.003850,162.374200,4827.000000,328.390200,-5.559600,19.400000,0.007700,7.602800,0.332520,-201.600000,0.007700,0.007274,puno
0.028246,0.051120,0.002613,127.561600,4913.000000,282.460100,-5.947100,24.000000,0.005227,7.561200,0.288550,-92.000000,0.005227,0.007263,puno
0.029541,0.056093,0.003147,145.563500,4929.000000,295.405100,-5.761400,27.800000,0.006293,7.596100,0.279840,-137.200000,0.006293,0.008531,puno
0.025296,0.045997,0.002116,135.601200,4894.000000,252.963600,-6.158300,36.400000,0.004231,7.639300,0.309090,-189.600000,0.004231,0.005112,puno
0.045248,0.088808,0.007888,234.449300,4952.000000,452.484700,-4.842500,33.400000,0.015774,7.646100,0.274100,-208.600000,0.015774,0.010768,puno
0.021754,0.033939,0.001152,113.882500,4883.000000,217.545000,-6.766600,24.400000,0.002303,7.721600,0.253600,-23.200000,0.002303,0.005552,puno
0.029010,0.055077,0.003034,143.297500,4971.000000,290.103100,-5.797900,25.800000,0.006067,7.578400,0.300970,-83.200000,0.006067,0.009262,puno
0.044060,0.093062,0.008661,222.512000,4954.000000,440.601300,-4.748900,37.000000,0.017321,7.632000,0.298630,-111.000000,0.017321,0.014093,puno
0.032130,0.066386,0.004408,157.751600,4907.000000,321.301700,-5.424400,34.000000,0.008814,7.588100,0.319560,-119.000000,0.008814,0.010605,puno
0.035025,0.064090,0.004108,200.475700,4866.000000,350.249800,-5.494800,33.600000,0.008215,7.737600,0.274570,-197.400000,0.008215,0.008715,puno
0.042522,0.075547,0.005708,229.814800,4971.000000,425.224500,-5.165900,32.600000,0.011415,7.704700,0.266690,-18.400000,0.011415,0.014141,puno
0.028796,0.059713,0.003566,159.410300,4952.000000,287.960400,-5.636300,105.200000,0.007131,7.620800,0.315880,-221.800000,0.007131,0.006388,puno
0.030951,0.055676,0.003100,179.206000,4872.000000,309.511900,-5.776300,30.800000,0.006200,7.654100,0.267730,-83.800000,0.006200,0.009076,puno
0.029197,0.056983,0.003247,160.395600,4955.000000,291.965900,-5.729900,30.800000,0.006494,7.649800,0.263810,-93.600000,0.006494,0.009398,puno
0.064881,0.130910,0.017140,273.571500,4900.000000,648.807700,-4.066300,27.200000,0.034276,7.530100,0.305170,-13.400000,0.034276,0.028960,puno
0.031364,0.059275,0.003514,173.152600,4940.000000,313.642800,-5.651000,40.200000,0.007027,7.708200,0.252540,-234.000000,0.007027,0.008122,puno
0.010507,0.014045,0.000197,67.088500,4879.000000,105.068100,-8.530900,120.000000,0.000395,7.743400,0.264270,-40.400000,0.000395,0.002710,puno
0.025755,0.063523,0.004036,134.096100,4834.000000,257.551700,-5.512600,26.400000,0.008070,7.624300,0.254930,-151.400000,0.008070,0.007646,puno
0.028338,0.056069,0.003144,145.481800,4950.000000,283.376600,-5.762300,27.600000,0.006287,7.552000,0.257170,-15.400000,0.006287,0.010778,puno
0.040389,0.116950,0.013679,170.675700,4968.000000,403.892300,-4.291900,35.800000,0.027355,7.498100,0.323650,-98.200000,0.027355,0.019295,puno
0.025106,0.058206,0.003388,130.613100,4924.000000,251.058400,-5.687400,36.400000,0.006776,7.759200,0.273100,-126.600000,0.006776,0.009072,puno
0.011246,0.017752,0.000315,69.461400,4849.000000,112.458300,-8.062400,37.400000,0.000630,7.652800,0.248610,-181.400000,0.000630,0.002479,puno
0.012505,0.016645,0.000277,87.960600,4914.000000,125.047600,-8.191200,158.200000,0.000554,7.730900,0.240400,-347.200000,0.000554,0.001790,puno
0.021519,0.070120,0.004917,100.194100,4882.000000,215.185400,-5.315000,33.200000,0.009834,7.539200,0.311010,-181.800000,0.009834,0.008390,puno
0.022300,0.061807,0.003821,120.890100,4967.000000,223.002700,-5.567400,37.800000,0.007640,7.587100,0.258160,-114.800000,0.007640,0.008378,puno
0.041757,0.105440,0.011119,226.380800,4918.000000,417.568500,-4.499100,84.800000,0.022236,7.646400,0.303810,-185.000000,0.022236,0.012741,puno
0.019809,0.041962,0.001761,111.381100,4943.000000,198.092200,-6.341900,32.200000,0.003522,7.665200,0.301050,-140.400000,0.003522,0.006078,puno
0.025457,0.064842,0.004205,140.691400,4914.000000,254.568200,-5.471500,126.400000,0.008409,7.651200,0.305030,-274.200000,0.008409,0.007131,puno
0.040136,0.078609,0.006180,207.924600,4966.000000,401.362000,-5.086400,32.000000,0.012359,7.624400,0.287270,-63.800000,0.012359,0.014345,puno
0.035002,0.075498,0.005701,191.894700,5053.000000,350.018600,-5.167200,45.400000,0.011400,7.776300,0.280470,-156.800000,0.011400,0.009477,puno
0.034235,0.069230,0.004793,184.687300,4921.000000,342.350100,-5.340500,27.600000,0.009586,7.668600,0.287530,-99.200000,0.009586,0.011178,puno
0.020664,0.054582,0.002979,99.310000,4985.000000,206.639800,-5.816000,27.200000,0.005958,7.585900,0.258710,-16.400000,0.005958,0.011287,puno
0.032124,0.064319,0.004137,178.435700,4914.000000,321.243800,-5.487700,23.200000,0.008274,7.671100,0.264850,-117.200000,0.008274,0.009930,puno
0.019818,0.042822,0.001834,114.195400,4932.000000,198.177800,-6.301300,29.000000,0.003668,7.691500,0.282610,-230.000000,0.003668,0.004850,puno
0.024867,0.073570,0.005413,119.615900,4954.000000,248.665100,-5.219000,27.400000,0.010825,7.578000,0.312890,-147.400000,0.010825,0.008748,puno
0.023942,0.045635,0.002083,139.079400,4883.000000,239.423500,-6.174000,28.400000,0.004165,7.692900,0.252570,-203.800000,0.004165,0.006643,puno
0.012504,0.021037,0.000443,76.962300,4849.000000,125.040500,-7.722900,120.000000,0.000885,7.845900,0.318310,-200.400000,0.000885,0.002707,puno
0.022301,0.071508,0.005114,107.289900,4862.000000,223.011100,-5.275800,29.200000,0.010227,7.556400,0.331800,-94.000000,0.010227,0.010669,puno
0.016119,0.040464,0.001638,77.214300,5006.000000,161.187000,-6.414600,24.600000,0.003275,7.548000,0.283870,-20.800000,0.003275,0.006942,puno
0.008689,0.011850,0.000140,56.232900,4892.000000,86.889200,-8.870700,120.000000,0.000281,7.731500,0.268060,-35.000000,0.000281,0.002446,puno
0.037836,0.075368,0.005681,224.724700,4878.000000,378.357200,-5.170600,36.000000,0.011361,7.760500,0.278970,-261.400000,0.011361,0.007983,puno
0.018701,0.053436,0.002856,92.448600,5049.000000,187.005900,-5.858400,38.200000,0.005711,7.579800,0.287220,-86.400000,0.005711,0.007181,puno
0.031569,0.050949,0.002596,172.706700,4968.000000,315.694800,-5.953800,34.800000,0.005192,7.624900,0.263940,-97.600000,0.005192,0.009381,puno
0.022368,0.040916,0.001674,122.007500,4945.000000,223.681500,-6.392400,33.000000,0.003348,7.687400,0.301390,-130.600000,0.003348,0.005483,puno
0.037258,0.097863,0.009578,213.639100,5078.000000,372.580900,-4.648300,27.600000,0.019154,7.669500,0.261100,-222.600000,0.019154,0.012415,puno
0.048087,0.094469,0.008925,273.609800,4957.000000,480.865000,-4.718900,106.600000,0.017849,7.677900,0.285260,-222.600000,0.017849,0.011079,puno
0.045581,0.116240,0.013512,198.309700,4869.000000,455.810400,-4.304200,28.600000,0.027022,7.564400,0.306010,-72.800000,0.027022,0.016617,puno
0.021961,0.054883,0.003012,112.650100,4952.000000,219.609000,-5.805100,33.400000,0.006024,7.558000,0.260460,-142.800000,0.006024,0.008831,puno
0.025753,0.055898,0.003125,139.558700,4874.000000,257.528200,-5.768300,20.600000,0.006249,7.664200,0.266350,-259.400000,0.006249,0.006416,puno
0.028409,0.059811,0.003578,140.450900,4990.000000,284.092700,-5.633000,31.800000,0.007155,7.624900,0.291350,-88.600000,0.007155,0.010266,puno
0.028479,0.059765,0.003572,151.797500,4928.000000,284.794400,-5.634600,31.800000,0.007144,7.652300,0.296940,-12.800000,0.007144,0.010574,puno
0.031846,0.078265,0.006126,154.307100,4898.000000,318.458100,-5.095200,39.800000,0.012251,7.534200,0.330630,-83.400000,0.012251,0.012582,puno
0.023118,0.053578,0.002871,123.103500,4896.000000,231.181700,-5.853100,30.400000,0.005741,7.611700,0.355400,-102.400000,0.005741,0.007960,puno
0.012792,0.019344,0.000374,80.558900,4907.000000,127.915700,-7.890600,95.400000,0.000748,7.754800,0.309340,-521.000000,0.000748,0.002140,puno
0.029804,0.072588,0.005269,159.731700,4904.000000,298.042500,-5.245800,41.000000,0.010538,7.628100,0.344730,-233.800000,0.010538,0.007119,puno
0.028496,0.056277,0.003167,175.813700,4850.000000,284.956700,-5.754800,36.800000,0.006334,7.706500,0.263600,-250.000000,0.006334,0.006205,puno
0.018840,0.040048,0.001604,111.564300,4932.000000,188.402200,-6.435200,113.000000,0.003208,7.680600,0.291940,-237.800000,0.003208,0.004413,puno
0.027127,0.054977,0.003023,151.404600,4883.000000,271.272800,-5.801600,33.000000,0.006045,7.748300,0.249310,-3.600000,0.006045,0.011486,puno
0.011655,0.016446,0.000270,75.992200,4949.000000,116.546600,-8.215300,120.000000,0.000541,7.736400,0.254900,-55.800000,0.000541,0.003039,puno
0.035259,0.075802,0.005746,194.008700,4948.000000,352.587200,-5.159200,31.000000,0.011492,7.730500,0.279910,-135.000000,0.011492,0.012034,puno
0.039294,0.090181,0.008133,185.603500,4926.000000,392.937400,-4.811800,34.200000,0.016265,7.552600,0.316090,-66.800000,0.016265,0.014684,puno
0.047146,0.090632,0.008215,248.459800,4965.000000,471.461900,-4.801800,26.200000,0.016428,7.650400,0.319460,-113.000000,0.016428,0.012210,puno
0.034048,0.058888,0.003468,198.263400,4916.000000,340.483500,-5.664100,24.400000,0.006935,7.718400,0.252200,-138.800000,0.006935,0.008507,puno
0.027189,0.058810,0.003459,152.406600,4927.000000,271.893400,-5.666800,32.800000,0.006917,7.636000,0.307950,-108.600000,0.006917,0.008869,puno
0.023189,0.054700,0.002992,127.770800,4859.000000,231.891300,-5.811700,32.200000,0.005984,7.653500,0.259080,-10.600000,0.005984,0.008956,puno
0.010857,0.014791,0.000219,72.917500,4877.000000,108.566800,-8.427300,120.000000,0.000438,7.747100,0.257320,-174.800000,0.000438,0.001865,puno
0.009505,0.013230,0.000175,62.176900,4757.000000,95.047100,-8.650400,120.000000,0.000350,7.738000,0.259620,-41.800000,0.000350,0.002513,puno
0.021896,0.050620,0.002563,116.317400,4848.000000,218.956200,-5.966700,34.200000,0.005125,7.572500,0.254890,-97.600000,0.005125,0.007997,puno
0.014431,0.020960,0.000439,94.448800,4881.000000,144.313700,-7.730200,149.800000,0.000879,7.770600,0.251640,-247.800000,0.000879,0.002278,puno
0.027535,0.064275,0.004132,139.543800,4942.000000,275.345600,-5.489100,37.200000,0.008263,7.582000,0.327780,-106.600000,0.008263,0.009468,puno
0.043477,0.073890,0.005460,239.300900,4994.000000,434.767800,-5.210300,27.200000,0.010919,7.662800,0.261890,-200.800000,0.010919,0.011779,puno
0.037289,0.076865,0.005909,227.552100,4933.000000,372.893400,-5.131300,21.200000,0.011817,7.720200,0.248350,-200.200000,0.011817,0.009188,puno
0.034730,0.093799,0.008799,178.002900,4925.000000,347.304900,-4.733100,31.400000,0.017596,7.633900,0.290180,-227.600000,0.017596,0.012510,puno
0.036849,0.083952,0.007049,227.075400,4915.000000,368.489000,-4.954900,38.200000,0.014096,7.732900,0.252970,-204.600000,0.014096,0.011497,puno
0.026973,0.058720,0.003448,163.823500,4929.000000,269.730300,-5.669900,33.200000,0.006896,7.717300,0.262750,-126.800000,0.006896,0.008454,puno
0.026059,0.068239,0.004657,131.563500,4896.000000,260.588200,-5.369400,34.600000,0.009313,7.528100,0.242530,-29.000000,0.009313,0.011065,puno
0.021850,0.045397,0.002061,139.809900,4931.000000,218.498600,-6.184500,35.600000,0.004122,7.710000,0.231430,-248.000000,0.004122,0.005561,puno
0.028352,0.064575,0.004170,147.916900,4851.000000,283.519300,-5.479800,26.800000,0.008340,7.672300,0.312220,-123.200000,0.008340,0.010231,puno
0.020095,0.042073,0.001770,117.286200,4980.000000,200.950000,-6.336600,28.200000,0.003540,7.778700,0.230830,-153.400000,0.003540,0.005225,puno
0.017120,0.039965,0.001597,84.564000,4940.000000,171.198400,-6.439400,28.000000,0.003194,7.540600,0.277590,-15.400000,0.003194,0.008572,puno
0.016465,0.036955,0.001366,91.075500,4909.000000,164.649200,-6.596000,34.000000,0.002731,7.627500,0.266070,-123.400000,0.002731,0.005127,puno
0.024027,0.064438,0.004153,104.711200,4926.000000,240.266800,-5.484000,27.600000,0.008304,7.489600,0.303950,-100.200000,0.008304,0.008304,puno
0.024300,0.052678,0.002775,143.406800,4915.000000,242.999700,-5.887000,40.400000,0.005550,7.733400,0.248900,-129.400000,0.005550,0.007804,puno
0.013422,0.030256,0.000916,79.236900,4842.000000,134.219900,-6.996000,34.800000,0.001831,7.742600,0.270930,-132.600000,0.001831,0.004272,puno
0.008880,0.013252,0.000176,57.952000,4851.000000,88.802800,-8.647100,120.000000,0.000351,7.793500,0.282330,0.000000,0.000351,0.003326,puno
0.019159,0.039937,0.001595,104.907000,4892.000000,191.594300,-6.440800,30.000000,0.003190,7.700000,0.238850,-2.400000,0.003190,0.009508,puno
0.023893,0.046626,0.002174,131.756500,4960.000000,238.930600,-6.131100,33.400000,0.004348,7.706000,0.264520,-166.800000,0.004348,0.006175,puno
0.022545,0.045871,0.002104,116.748300,4907.000000,225.451600,-6.163700,35.400000,0.004208,7.637900,0.283700,-130.200000,0.004208,0.006235,puno
0.011286,0.028093,0.000789,60.231200,4927.000000,112.858700,-7.144400,30.600000,0.001579,7.663700,0.265650,-147.400000,0.001579,0.003729,puno
0.039159,0.079392,0.006304,214.975000,4981.000000,391.585100,-5.066600,37.600000,0.012606,7.733800,0.275000,-192.200000,0.012606,0.010395,puno
0.013232,0.029655,0.000880,70.922500,4961.000000,132.319800,-7.036100,36.200000,0.001759,7.622600,0.239490,-19.200000,0.001759,0.005639,puno
0.011352,0.033396,0.001115,58.406600,5078.000000,113.519000,-6.798600,28.600000,0.002230,7.609800,0.258500,-6.200000,0.002230,0.006104,puno
0.030974,0.066216,0.004385,190.466400,4942.000000,309.741400,-5.429600,34.600000,0.008769,7.739900,0.252570,-263.800000,0.008769,0.008458,puno
0.053585,0.109770,0.012050,290.347400,5015.000000,535.852600,-4.418700,30.200000,0.024098,7.654400,0.274730,-159.000000,0.024098,0.018800,puno
0.032947,0.069342,0.004809,201.038100,5046.000000,329.467400,-5.337300,34.400000,0.009617,7.753700,0.236950,-138.800000,0.009617,0.010111,puno
0.014599,0.043791,0.001918,78.323300,5134.000000,145.985000,-6.256600,33.200000,0.003835,7.672600,0.252530,-219.200000,0.003835,0.006165,puno
0.019659,0.042760,0.001829,108.989900,5058.000000,196.594700,-6.304200,32.800000,0.003657,7.709800,0.257340,-118.600000,0.003657,0.005938,puno
0.021435,0.052479,0.002754,112.699000,4959.000000,214.349300,-5.894600,29.200000,0.005508,7.654000,0.280950,-127.400000,0.005508,0.008247,puno
0.005958,0.008097,0.000066,42.442800,5018.000000,59.583600,-9.632400,120.000000,0.000131,7.733200,0.227900,0.000000,0.000131,0.002452,puno
0.006775,0.009188,0.000084,48.109400,5020.000000,67.748800,-9.379700,120.000000,0.000169,7.728100,0.231140,-299.800000,0.000169,0.002220,puno
0.025245,0.058439,0.003416,169.010000,4959.000000,252.446000,-5.679400,35.400000,0.006830,7.774600,0.245380,-267.800000,0.006830,0.006273,puno
0.021325,0.060686,0.003683,105.425500,4950.000000,213.247200,-5.604000,40.000000,0.007365,7.571600,0.299740,-14.800000,0.007365,0.009867,puno
0.012970,0.045792,0.002097,66.874900,5085.000000,129.700100,-6.167200,34.400000,0.004194,7.804600,0.285770,-83.400000,0.004194,0.005959,puno
0.011527,0.036760,0.001351,61.897100,5212.000000,115.269400,-6.606600,30.000000,0.002703,7.655900,0.272470,-91.600000,0.002703,0.005664,puno
0.007375,0.023144,0.000536,38.098600,5270.000000,73.750900,-7.531900,31.800000,0.001071,7.615200,0.300720,-106.600000,0.001071,0.002657,puno
0.008872,0.024509,0.000601,58.347900,5137.000000,88.719800,-7.417300,120.000000,0.001201,7.743000,0.241870,-91.400000,0.001201,0.003171,puno
0.043490,0.093249,0.008696,220.548900,5071.000000,434.904700,-4.744900,36.800000,0.017391,7.636100,0.262330,-18.000000,0.017391,0.018650,puno
0.035691,0.069959,0.004895,197.371800,4977.000000,356.908100,-5.319600,29.400000,0.009789,7.688600,0.262770,-238.200000,0.009789,0.009111,puno
0.020455,0.047037,0.002213,116.085000,4934.000000,204.548100,-6.113600,31.800000,0.004425,7.746800,0.241170,-182.000000,0.004425,0.006669,puno
0.019097,0.056299,0.003170,86.113700,4927.000000,190.970700,-5.754100,35.200000,0.006339,7.650300,0.238190,-94.600000,0.006339,0.007598,puno
0.031687,0.073560,0.005412,148.785500,5036.000000,316.867200,-5.219200,32.200000,0.010822,7.674000,0.249960,-130.800000,0.010822,0.012729,puno
0.011365,0.029711,0.000883,62.739000,4923.000000,113.652500,-7.032400,36.800000,0.001765,7.636400,0.255470,-93.000000,0.001765,0.004295,puno
0.016376,0.037883,0.001435,90.583400,5017.000000,163.759800,-6.546400,38.400000,0.002870,7.727800,0.247000,-7.400000,0.002870,0.007110,puno
0.015937,0.037968,0.001442,101.309400,4841.000000,159.365800,-6.541900,37.200000,0.002883,7.745700,0.233390,-314.200000,0.002883,0.004181,puno
0.014569,0.042573,0.001813,93.233700,4889.000000,145.689400,-6.313000,145.200000,0.003625,7.735400,0.262960,-270.200000,0.003625,0.004307,puno
0.029825,0.065886,0.004341,179.020100,4857.000000,298.248500,-5.439500,34.000000,0.008682,7.694900,0.253060,-164.200000,0.008682,0.008296,puno
0.023542,0.053777,0.002892,135.533700,5018.000000,235.416300,-5.845700,31.800000,0.005784,7.728400,0.275760,-117.000000,0.005784,0.007297,puno
0.017938,0.049646,0.002465,105.071900,4932.000000,179.382800,-6.005600,33.800000,0.004929,7.667000,0.240480,-149.600000,0.004929,0.005834,puno
0.048025,0.091538,0.008380,304.921200,5040.000000,480.248800,-4.781900,31.200000,0.016759,7.745500,0.245190,-196.800000,0.016759,0.011520,puno
0.027667,0.058232,0.003391,169.295400,4928.000000,276.670900,-5.686600,31.600000,0.006782,7.759400,0.255750,-266.400000,0.006782,0.006425,puno
0.025594,0.063609,0.004046,161.806800,4975.000000,255.935200,-5.509900,39.800000,0.008092,7.773300,0.233020,-303.600000,0.008092,0.007135,puno
0.021926,0.061133,0.003737,114.807400,4853.000000,219.264900,-5.589300,24.200000,0.007474,7.739100,0.224660,-137.400000,0.007474,0.010101,puno
0.020516,0.066682,0.004447,105.022900,4953.000000,205.160500,-5.415500,30.800000,0.008893,7.679200,0.300600,-127.000000,0.008893,0.008639,puno
0.012412,0.038518,0.001484,55.555900,5030.000000,124.116700,-6.513100,31.200000,0.002967,7.617900,0.306910,-91.000000,0.002967,0.007794,puno
0.018934,0.053491,0.002861,97.554700,5021.000000,189.338800,-5.856400,33.600000,0.005723,7.690300,0.261180,-127.800000,0.005723,0.007585,puno
